time,plant_number,plant_ID,Area (mm^2),Stress (%),Tray Number
2025-12-09--12-00,plant1,Col-0,344.0052089447601,100,1
2025-12-09--12-00,plant2,Camta1-1/T3,198.43121624269537,100,1
2025-12-09--12-00,plant3,Camta1-2/T3,190.52429550813383,100,1
2025-12-09--12-00,plant4,Camta1-3/T3,202.00557767064785,100,1
2025-12-09--12-00,plant5,Camta5-1/T3,415.92569343447065,100,1
2025-12-09--12-00,plant6,Col-0,296.45537055472556,100,1
2025-12-09--12-00,plant7,Camta1-1/T3,327.3248556143152,100,1
2025-12-09--12-00,plant8,Camta1-2/T3,103.98142335861766,100,1
2025-12-09--12-00,plant9,Camta1-3/T3,219.9856987930755,100,1
2025-12-09--12-00,plant10,Camta5-2/T3,624.1051681170364,100,1
2025-12-09--12-00,plant11,Camta5-1/T3,319.74287682774934,100,1
2025-12-09--12-00,plant12,Camta5-5/T3,321.90915648105386,100,1
2025-12-09--12-00,plant13,Camta1-2/T3,494.2367029014296,100,1
2025-12-09--12-00,plant14,Camta5-3/T3,205.90488104659602,100,1
2025-12-09--12-00,plant15,Camta5-4/T3,72.57036838570191,100,1
2025-12-09--12-00,plant16,Camta5-2/T3,550.9932298180084,100,1
2025-12-09--12-00,plant17,Camta1-3/T3,232.22517883424612,100,1
2025-12-09--12-00,plant18,Camta5-1/T3,477.44803558831944,100,1
2025-12-09--12-00,plant19,Camta5-2/T3,404.3360972892914,100,1
2025-12-09--12-00,plant20,Camta5-5/T3,460.11779836188316,100,1
2025-12-09--12-00,plant21,Camta1-1/T3,623.0220282903842,100,1
2025-12-09--12-00,plant22,Camta1-2/T3,80.47728912026346,100,1
2025-12-09--13-30,plant1,Col-0,322.8839823250409,100,1
2025-12-09--13-30,plant2,Camta1-1/T3,188.7912717854902,100,1
2025-12-09--13-30,plant3,Camta1-2/T3,192.25731923077745,100,1
2025-12-09--13-30,plant4,Camta1-3/T3,199.2977281040172,100,1
2025-12-09--13-30,plant5,Camta5-1/T3,399.24534010402573,100,1
2025-12-09--13-30,plant6,Col-0,292.9893231094383,100,1
2025-12-09--13-30,plant7,Camta1-1/T3,324.40037808235405,100,1
2025-12-09--13-30,plant8,Camta1-2/T3,103.87310937595244,100,1
2025-12-09--13-30,plant9,Camta1-3/T3,211.64552212785304,100,1
2025-12-09--13-30,plant10,Camta5-2/T3,624.1051681170364,100,1
2025-12-09--13-30,plant11,Camta5-1/T3,310.5361883012051,100,1
2025-12-09--13-30,plant12,Camta5-5/T3,315.62694548647073,100,1
2025-12-09--13-30,plant13,Camta1-2/T3,447.01180645939075,100,1
2025-12-09--13-30,plant14,Camta5-3/T3,204.0635433412872,100,1
2025-12-09--13-30,plant15,Camta5-4/T3,89.46734968147729,100,1
2025-12-09--13-30,plant16,Camta5-2/T3,539.4036336728292,100,1
2025-12-09--13-30,plant17,Camta1-3/T3,229.19238731961977,100,1
2025-12-09--13-30,plant18,Camta5-1/T3,470.84088264574063,100,1
2025-12-09--13-30,plant19,Camta5-2/T3,393.61301300543397,100,1
2025-12-09--13-30,plant20,Camta5-5/T3,459.0346585352309,100,1
2025-12-09--13-30,plant21,Camta1-1/T3,615.1151075558226,100,1
2025-12-09--13-30,plant22,Camta1-2/T3,79.28583531094597,100,1
2025-12-09--16-50,plant1,Col-0,332.1989848342504,100,1
2025-12-09--16-50,plant2,Camta1-1/T3,201.6806357226522,100,1
2025-12-09--16-50,plant3,Camta1-2/T3,196.80650650271699,100,1
2025-12-09--16-50,plant4,Camta1-3/T3,211.21226619719215,100,1
2025-12-09--16-50,plant5,Camta5-1/T3,433.9058145568983,100,1
2025-12-09--16-50,plant6,Col-0,309.7779904225485,100,1
2025-12-09--16-50,plant7,Camta1-1/T3,345.846546650069,100,1
2025-12-09--16-50,plant8,Camta1-2/T3,108.74723859588765,100,1
2025-12-09--16-50,plant9,Camta1-3/T3,224.53488606501503,100,1
2025-12-09--16-50,plant10,Camta5-2/T3,654.5413972459652,100,1
2025-12-09--16-50,plant11,Camta5-1/T3,334.2569505048897,100,1
2025-12-09--16-50,plant12,Camta5-5/T3,328.19136747563704,100,1
2025-12-09--16-50,plant13,Camta1-2/T3,507.34269480392203,100,1
2025-12-09--16-50,plant14,Camta5-3/T3,221.28546658505823,100,1
2025-12-09--16-50,plant15,Camta5-4/T3,99.6488640520086,100,1
2025-12-09--16-50,plant16,Camta5-2/T3,567.3486412004577,100,1
2025-12-09--16-50,plant17,Camta1-3/T3,236.9909940715161,100,1
2025-12-09--16-50,plant18,Camta5-1/T3,490.2290855428162,100,1
2025-12-09--16-50,plant19,Camta5-2/T3,402.60307356664777,100,1
2025-12-09--16-50,plant20,Camta5-5/T3,471.3824525590668,100,1
2025-12-09--16-50,plant21,Camta1-1/T3,643.0601150834511,100,1
2025-12-09--16-50,plant22,Camta1-2/T3,84.70153444420731,100,1
2025-12-10--09-30,plant1,Col-0,370.86707664573635,100,1
2025-12-10--09-30,plant2,Camta1-1/T3,224.20994411701935,100,1
2025-12-10--09-30,plant3,Camta1-2/T3,202.00557767064785,100,1
2025-12-10--09-30,plant4,Camta1-3/T3,225.1847699610064,100,1
2025-12-10--09-30,plant5,Camta5-1/T3,481.45565294693284,100,1
2025-12-10--09-30,plant6,Col-0,341.5139873434599,100,1
2025-12-10--09-30,plant7,Camta1-1/T3,395.2377227454124,100,1
2025-12-10--09-30,plant8,Camta1-2/T3,113.40473985049239,100,1
2025-12-10--09-30,plant9,Camta1-3/T3,234.9330284008768,100,1
2025-12-10--09-30,plant10,Camta5-2/T3,732.2025228169327,100,1
2025-12-10--09-30,plant11,Camta5-1/T3,385.92272023620285,100,1
2025-12-10--09-30,plant12,Camta5-5/T3,365.3430635298098,100,1
2025-12-10--09-30,plant13,Camta1-2/T3,543.1946230661121,100,1
2025-12-10--09-30,plant14,Camta5-3/T3,237.20762203684654,100,1
2025-12-10--09-30,plant15,Camta5-4/T3,110.04700638787037,100,1
2025-12-10--09-30,plant16,Camta5-2/T3,602.4423715839911,100,1
2025-12-10--09-30,plant17,Camta1-3/T3,261.1450122058617,100,1
2025-12-10--09-30,plant18,Camta5-1/T3,565.9405594258097,100,1
2025-12-10--09-30,plant19,Camta5-2/T3,482.1055368429242,100,1
2025-12-10--09-30,plant20,Camta5-5/T3,531.713340903598,100,1
2025-12-10--09-30,plant21,Camta1-1/T3,716.3886813478097,100,1
2025-12-10--09-30,plant22,Camta1-2/T3,88.2758958721598,100,1
2025-12-10--12-00,plant1,Col-0,371.5169605417277,100,1
2025-12-10--12-00,plant2,Camta1-1/T3,230.70878307693295,100,1
2025-12-10--12-00,plant3,Camta1-2/T3,200.16423996533902,100,1
2025-12-10--12-00,plant4,Camta1-3/T3,230.9254110422634,100,1
2025-12-10--12-00,plant5,Camta5-1/T3,499.21914610403,100,1
2025-12-10--12-00,plant6,Col-0,352.0204436619869,100,1
2025-12-10--12-00,plant7,Camta1-1/T3,406.82731889059164,100,1
2025-12-10--12-00,plant8,Camta1-2/T3,108.42229664789197,100,1
2025-12-10--12-00,plant9,Camta1-3/T3,234.06651653955498,100,1
2025-12-10--12-00,plant10,Camta5-2/T3,757.5479947605958,100,1
2025-12-10--12-00,plant11,Camta5-1/T3,395.99592062406896,100,1
2025-12-10--12-00,plant12,Camta5-5/T3,363.5017258245009,100,1
2025-12-10--12-00,plant13,Camta1-2/T3,545.6858446674123,100,1
2025-12-10--12-00,plant14,Camta5-3/T3,251.83000969665216,100,1
2025-12-10--12-00,plant15,Camta5-4/T3,110.15532037053559,100,1
2025-12-10--12-00,plant16,Camta5-2/T3,601.7924876879997,100,1
2025-12-10--12-00,plant17,Camta1-3/T3,258.5454766218962,100,1
2025-12-10--12-00,plant18,Camta5-1/T3,565.8322454431445,100,1
2025-12-10--12-00,plant19,Camta5-2/T3,478.2062334669761,100,1
2025-12-10--12-00,plant20,Camta5-5/T3,546.3357285634037,100,1
2025-12-10--12-00,plant21,Camta1-1/T3,716.7136232958053,100,1
2025-12-10--12-00,plant22,Camta1-2/T3,82.96851072156367,100,1
2025-12-10--13-30,plant1,Col-0,365.6680054778055,100,1
2025-12-10--13-30,plant2,Camta1-1/T3,232.22517883424612,100,1
2025-12-10--13-30,plant3,Camta1-2/T3,206.9880208732483,100,1
2025-12-10--13-30,plant4,Camta1-3/T3,232.22517883424612,100,1
2025-12-10--13-30,plant5,Camta5-1/T3,504.95978718528704,100,1
2025-12-10--13-30,plant6,Col-0,341.080731412799,100,1
2025-12-10--13-30,plant7,Camta1-1/T3,407.26057482125253,100,1
2025-12-10--13-30,plant8,Camta1-2/T3,114.59619365980988,100,1
2025-12-10--13-30,plant9,Camta1-3/T3,246.95588047671697,100,1
2025-12-10--13-30,plant10,Camta5-2/T3,752.348923592665,100,1
2025-12-10--13-30,plant11,Camta5-1/T3,410.83493624920504,100,1
2025-12-10--13-30,plant12,Camta5-5/T3,388.9555117508292,100,1
2025-12-10--13-30,plant13,Camta1-2/T3,556.517242933935,100,1
2025-12-10--13-30,plant14,Camta5-3/T3,247.71407835537354,100,1
2025-12-10--13-30,plant15,Camta5-4/T3,115.4627055211317,100,1
2025-12-10--13-30,plant16,Camta5-2/T3,609.0495245265699,100,1
2025-12-10--13-30,plant17,Camta1-3/T3,263.96117575515757,100,1
2025-12-10--13-30,plant18,Camta5-1/T3,589.1197517161683,100,1
2025-12-10--13-30,plant19,Camta5-2/T3,482.97204870424605,100,1
2025-12-10--13-30,plant20,Camta5-5/T3,544.2777628927644,100,1
2025-12-10--13-30,plant21,Camta1-1/T3,725.0537999610278,100,1
2025-12-10--13-30,plant22,Camta1-2/T3,84.91816240953776,100,1
2025-12-10--16-50,plant1,Col-0,375.957833831002,100,1
2025-12-10--16-50,plant2,Camta1-1/T3,238.6157038114945,100,1
2025-12-10--16-50,plant3,Camta1-2/T3,205.90488104659602,100,1
2025-12-10--16-50,plant4,Camta1-3/T3,231.03372502492863,100,1
2025-12-10--16-50,plant5,Camta5-1/T3,520.0154307757535,100,1
2025-12-10--16-50,plant6,Col-0,352.3453856099826,100,1
2025-12-10--16-50,plant7,Camta1-1/T3,422.9661023077104,100,1
2025-12-10--16-50,plant8,Camta1-2/T3,111.78003011051399,100,1
2025-12-10--16-50,plant9,Camta1-3/T3,248.25564826869967,100,1
2025-12-10--16-50,plant10,Camta5-2/T3,756.7897968819392,100,1
2025-12-10--16-50,plant11,Camta5-1/T3,398.48714222536915,100,1
2025-12-10--16-50,plant12,Camta5-5/T3,376.7160317096586,100,1
2025-12-10--16-50,plant13,Camta1-2/T3,548.393694234043,100,1
2025-12-10--16-50,plant14,Camta5-3/T3,257.89559272590486,100,1
2025-12-10--16-50,plant15,Camta5-4/T3,116.54584534778397,100,1
2025-12-10--16-50,plant16,Camta5-2/T3,610.7825482492136,100,1
2025-12-10--16-50,plant17,Camta1-3/T3,262.9863499111705,100,1
2025-12-10--16-50,plant18,Camta5-1/T3,586.5202161322028,100,1
2025-12-10--16-50,plant19,Camta5-2/T3,499.1108321213648,100,1
2025-12-10--16-50,plant20,Camta5-5/T3,557.3837547952568,100,1
2025-12-10--16-50,plant21,Camta1-1/T3,730.3611851116239,100,1
2025-12-10--16-50,plant22,Camta1-2/T3,83.8350225828855,100,1
2025-12-11--09-30,plant1,Col-0,470.7325686630754,100,1
2025-12-11--09-30,plant2,Camta1-1/T3,268.29373506176665,100,1
2025-12-11--09-30,plant3,Camta1-2/T3,220.7438966717321,100,1
2025-12-11--09-30,plant4,Camta1-3/T3,271.0015846283973,100,1
2025-12-11--09-30,plant5,Camta5-1/T3,601.4675457400041,100,1
2025-12-11--09-30,plant6,Col-0,402.71138754931303,100,1
2025-12-11--09-30,plant7,Camta1-1/T3,510.3754863185484,100,1
2025-12-11--09-30,plant8,Camta1-2/T3,120.44514872373213,100,1
2025-12-11--09-30,plant9,Camta1-3/T3,313.67729379849663,100,1
2025-12-11--09-30,plant10,Camta5-2/T3,851.7811596793431,100,1
2025-12-11--09-30,plant11,Camta5-1/T3,480.0475711722849,100,1
2025-12-11--09-30,plant12,Camta5-5/T3,429.3566272849588,100,1
2025-12-11--09-30,plant13,Camta1-2/T3,627.0296456489975,100,1
2025-12-11--09-30,plant14,Camta5-3/T3,314.8687476078141,100,1
2025-12-11--09-30,plant15,Camta5-4/T3,138.85852577682067,100,1
2025-12-11--09-30,plant16,Camta5-2/T3,692.5596051614598,100,1
2025-12-11--09-30,plant17,Camta1-3/T3,289.5232756641511,100,1
2025-12-11--09-30,plant18,Camta5-1/T3,664.2896556858356,100,1
2025-12-11--09-30,plant19,Camta5-2/T3,569.7315488190926,100,1
2025-12-11--09-30,plant20,Camta5-5/T3,629.4125532676326,100,1
2025-12-11--09-30,plant21,Camta1-1/T3,829.793421198302,100,1
2025-12-11--09-30,plant22,Camta1-2/T3,93.25833907476022,100,1
2025-12-11--12-00,plant1,Col-0,444.737212823421,100,1
2025-12-11--12-00,plant2,Camta1-1/T3,281.0747850162634,100,1
2025-12-11--12-00,plant3,Camta1-2/T3,221.39378056772344,100,1
2025-12-11--12-00,plant4,Camta1-3/T3,263.96117575515757,100,1
2025-12-11--12-00,plant5,Camta5-1/T3,615.1151075558226,100,1
2025-12-11--12-00,plant6,Col-0,430.76470905960673,100,1
2025-12-11--12-00,plant7,Camta1-1/T3,517.6325231571186,100,1
2025-12-11--12-00,plant8,Camta1-2/T3,124.45276608234552,100,1
2025-12-11--12-00,plant9,Camta1-3/T3,303.9290353586262,100,1
2025-12-11--12-00,plant10,Camta5-2/T3,882.8672727042631,100,1
2025-12-11--12-00,plant11,Camta5-1/T3,500.7355418613432,100,1
2025-12-11--12-00,plant12,Camta5-5/T3,447.01180645939075,100,1
2025-12-11--12-00,plant13,Camta1-2/T3,631.0372630076109,100,1
2025-12-11--12-00,plant14,Camta5-3/T3,313.02740990250527,100,1
2025-12-11--12-00,plant15,Camta5-4/T3,147.5236443900388,100,1
2025-12-11--12-00,plant16,Camta5-2/T3,704.6907712199652,100,1
2025-12-11--12-00,plant17,Camta1-3/T3,303.0625234973044,100,1
2025-12-11--12-00,plant18,Camta5-1/T3,687.4688479761941,100,1
2025-12-11--12-00,plant19,Camta5-2/T3,588.0366118895159,100,1
2025-12-11--12-00,plant20,Camta5-5/T3,644.2515688927687,100,1
2025-12-11--12-00,plant21,Camta1-1/T3,850.9146478180213,100,1
2025-12-11--12-00,plant22,Camta1-2/T3,99.43223608667815,100,1
2025-12-11--13-30,plant1,Col-0,452.6441335579825,100,1
2025-12-11--13-30,plant2,Camta1-1/T3,272.1930384377148,100,1
2025-12-11--13-30,plant3,Camta1-2/T3,217.16953524377962,100,1
2025-12-11--13-30,plant4,Camta1-3/T3,262.55309398050963,100,1
2025-12-11--13-30,plant5,Camta5-1/T3,630.9289490249457,100,1
2025-12-11--13-30,plant6,Col-0,414.95086759048365,100,1
2025-12-11--13-30,plant7,Camta1-1/T3,515.6828714691445,100,1
2025-12-11--13-30,plant8,Camta1-2/T3,124.56108006501074,100,1
2025-12-11--13-30,plant9,Camta1-3/T3,304.79554721994805,100,1
2025-12-11--13-30,plant10,Camta5-2/T3,893.0487870747944,100,1
2025-12-11--13-30,plant11,Camta5-1/T3,514.058161729166,100,1
2025-12-11--13-30,plant12,Camta5-5/T3,447.12012044205596,100,1
2025-12-11--13-30,plant13,Camta1-2/T3,626.9213316663323,100,1
2025-12-11--13-30,plant14,Camta5-3/T3,323.96712215169316,100,1
2025-12-11--13-30,plant15,Camta5-4/T3,146.33219058072132,100,1
2025-12-11--13-30,plant16,Camta5-2/T3,709.7815284052308,100,1
2025-12-11--13-30,plant17,Camta1-3/T3,295.4805447107385,100,1
2025-12-11--13-30,plant18,Camta5-1/T3,693.2094890574512,100,1
2025-12-11--13-30,plant19,Camta5-2/T3,593.8855669534382,100,1
2025-12-11--13-30,plant20,Camta5-5/T3,649.4506400606995,100,1
2025-12-11--13-30,plant21,Camta1-1/T3,850.1564499393646,100,1
2025-12-11--13-30,plant22,Camta1-2/T3,97.91584032936497,100,1
2025-12-11--16-50,plant1,Col-0,443.11250308344256,100,1
2025-12-11--16-50,plant2,Camta1-1/T3,277.9336795189718,100,1
2025-12-11--16-50,plant3,Camta1-2/T3,219.66075684507982,100,1
2025-12-11--16-50,plant4,Camta1-3/T3,276.6339117269891,100,1
2025-12-11--16-50,plant5,Camta5-1/T3,631.6871469036023,100,1
2025-12-11--16-50,plant6,Col-0,420.5831946890754,100,1
2025-12-11--16-50,plant7,Camta1-1/T3,528.6805493889717,100,1
2025-12-11--16-50,plant8,Camta1-2/T3,125.75253387432824,100,1
2025-12-11--16-50,plant9,Camta1-3/T3,317.90153912244045,100,1
2025-12-11--16-50,plant10,Camta5-2/T3,905.288267115965,100,1
2025-12-11--16-50,plant11,Camta5-1/T3,510.8087422492093,100,1
2025-12-11--16-50,plant12,Camta5-5/T3,453.51064541930435,100,1
2025-12-11--16-50,plant13,Camta1-2/T3,638.7275557768421,100,1
2025-12-11--16-50,plant14,Camta5-3/T3,324.18375011702364,100,1
2025-12-11--16-50,plant15,Camta5-4/T3,152.93934352330015,100,1
2025-12-11--16-50,plant16,Camta5-2/T3,705.124027150626,100,1
2025-12-11--16-50,plant17,Camta1-3/T3,301.97938367065217,100,1
2025-12-11--16-50,plant18,Camta5-1/T3,700.0332699653604,100,1
2025-12-11--16-50,plant19,Camta5-2/T3,598.0014982947168,100,1
2025-12-11--16-50,plant20,Camta5-5/T3,654.5413972459652,100,1
2025-12-11--16-50,plant21,Camta1-1/T3,857.5218007606001,100,1
2025-12-11--16-50,plant22,Camta1-2/T3,95.96618864139089,100,1
2025-12-12--09-30,plant1,Col-0,536.0459002102072,100,1
2025-12-12--09-30,plant2,Camta1-1/T3,318.0098531051057,100,1
2025-12-12--09-30,plant3,Camta1-2/T3,225.50971190900208,100,1
2025-12-12--09-30,plant4,Camta1-3/T3,305.22880315060894,100,1
2025-12-12--09-30,plant5,Camta5-1/T3,730.0362431636282,100,1
2025-12-12--09-30,plant6,Col-0,475.8233258483411,100,1
2025-12-12--09-30,plant7,Camta1-1/T3,592.2608572134598,100,1
2025-12-12--09-30,plant8,Camta1-2/T3,136.69224612351616,100,1
2025-12-12--09-30,plant9,Camta1-3/T3,383.53981261756786,100,1
2025-12-12--09-30,plant10,Camta5-2/T3,935.5078682795634,100,1
2025-12-12--09-30,plant11,Camta5-1/T3,579.5881212416283,100,1
2025-12-12--09-30,plant12,Camta5-5/T3,498.89420415603433,100,1
2025-12-12--09-30,plant13,Camta1-2/T3,721.0461826024144,100,1
2025-12-12--09-30,plant14,Camta5-3/T3,381.26521898159814,100,1
2025-12-12--09-30,plant15,Camta5-4/T3,156.94696088191355,100,1
2025-12-12--09-30,plant16,Camta5-2/T3,790.2588175254942,100,1
2025-12-12--09-30,plant17,Camta1-3/T3,330.574275094272,100,1
2025-12-12--09-30,plant18,Camta5-1/T3,790.9087014214856,100,1
2025-12-12--09-30,plant19,Camta5-2/T3,654.3247692806348,100,1
2025-12-12--09-30,plant20,Camta5-5/T3,689.8517555948291,100,1
2025-12-12--09-30,plant21,Camta1-1/T3,949.9136279740385,100,1
2025-12-12--09-30,plant22,Camta1-2/T3,102.8982835319654,100,1
2025-12-12--12-00,plant1,Col-0,497.9193783120473,100,1
2025-12-12--12-00,plant2,Camta1-1/T3,297.5385103813779,100,1
2025-12-12--12-00,plant3,Camta1-2/T3,219.8773848104103,100,1
2025-12-12--12-00,plant4,Camta1-3/T3,310.5361883012051,100,1
2025-12-12--12-00,plant5,Camta5-1/T3,722.8875203077232,100,1
2025-12-12--12-00,plant6,Col-0,466.50832333913155,100,1
2025-12-12--12-00,plant7,Camta1-1/T3,596.8100444853993,100,1
2025-12-12--12-00,plant8,Camta1-2/T3,136.36730417552047,100,1
2025-12-12--12-00,plant9,Camta1-3/T3,377.36591560564995,100,1
2025-12-12--12-00,plant10,Camta5-2/T3,954.2461872806475,100,1
2025-12-12--12-00,plant11,Camta5-1/T3,590.961089421477,100,1
2025-12-12--12-00,plant12,Camta5-5/T3,502.25193761865637,100,1
2025-12-12--12-00,plant13,Camta1-2/T3,714.8722855904965,100,1
2025-12-12--12-00,plant14,Camta5-3/T3,371.8419024897234,100,1
2025-12-12--12-00,plant15,Camta5-4/T3,165.93702144312735,100,1
2025-12-12--12-00,plant16,Camta5-2/T3,694.0760009187729,100,1
2025-12-12--12-00,plant17,Camta1-3/T3,319.6345628450841,100,1
2025-12-12--12-00,plant18,Camta5-1/T3,800.5486458786908,100,1
2025-12-12--12-00,plant19,Camta5-2/T3,679.3452992763021,100,1
2025-12-12--12-00,plant20,Camta5-5/T3,673.1714022643841,100,1
2025-12-12--12-00,plant21,Camta1-1/T3,978.5085193976583,100,1
2025-12-12--12-00,plant22,Camta1-2/T3,99.86549201733905,100,1
2025-12-12--13-30,plant1,Col-0,507.01775285592635,100,1
2025-12-12--13-30,plant2,Camta1-1/T3,308.91147856122666,100,1
2025-12-12--13-30,plant3,Camta1-2/T3,230.38384112893726,100,1
2025-12-12--13-30,plant4,Camta1-3/T3,316.92671327845346,100,1
2025-12-12--13-30,plant5,Camta5-1/T3,729.4946732503021,100,1
2025-12-12--13-30,plant6,Col-0,472.2489644203886,100,1
2025-12-12--13-30,plant7,Camta1-1/T3,608.2913266479134,100,1
2025-12-12--13-30,plant8,Camta1-2/T3,141.45806136078613,100,1
2025-12-12--13-30,plant9,Camta1-3/T3,387.2224880281856,100,1
2025-12-12--13-30,plant10,Camta5-2/T3,971.3597965417534,100,1
2025-12-12--13-30,plant11,Camta5-1/T3,604.0670813239695,100,1
2025-12-12--13-30,plant12,Camta5-5/T3,513.7332197811704,100,1
2025-12-12--13-30,plant13,Camta1-2/T3,734.1521745049068,100,1
2025-12-12--13-30,plant14,Camta5-3/T3,388.847197768164,100,1
2025-12-12--13-30,plant15,Camta5-4/T3,166.15364940845782,100,1
2025-12-12--13-30,plant16,Camta5-2/T3,707.1819928212653,100,1
2025-12-12--13-30,plant17,Camta1-3/T3,324.9419479956802,100,1
2025-12-12--13-30,plant18,Camta5-1/T3,826.3273737530147,100,1
2025-12-12--13-30,plant19,Camta5-2/T3,665.6977374604835,100,1
2025-12-12--13-30,plant20,Camta5-5/T3,666.1309933911444,100,1
2025-12-12--13-30,plant21,Camta1-1/T3,982.7327647216022,100,1
2025-12-12--13-30,plant22,Camta1-2/T3,100.40706193066518,100,1
2025-12-12--16-50,plant1,Col-0,566.4821293391359,100,1
2025-12-12--16-50,plant2,Camta1-1/T3,327.3248556143152,100,1
2025-12-12--16-50,plant3,Camta1-2/T3,225.6180258916673,100,1
2025-12-12--16-50,plant4,Camta1-3/T3,313.02740990250527,100,1
2025-12-12--16-50,plant5,Camta5-1/T3,750.8325278353517,100,1
2025-12-12--16-50,plant6,Col-0,488.8210037681683,100,1
2025-12-12--16-50,plant7,Camta1-1/T3,589.1197517161683,100,1
2025-12-12--16-50,plant8,Camta1-2/T3,133.11788469556367,100,1
2025-12-12--16-50,plant9,Camta1-3/T3,384.081382530894,100,1
2025-12-12--16-50,plant10,Camta5-2/T3,951.7549656793474,100,1
2025-12-12--16-50,plant11,Camta5-1/T3,554.5675912459609,100,1
2025-12-12--16-50,plant12,Camta5-5/T3,479.18105931096306,100,1
2025-12-12--16-50,plant13,Camta1-2/T3,699.1667581040386,100,1
2025-12-12--16-50,plant14,Camta5-3/T3,365.6680054778055,100,1
2025-12-12--16-50,plant15,Camta5-4/T3,165.50376551246646,100,1
2025-12-12--16-50,plant16,Camta5-2/T3,776.3946277443453,100,1
2025-12-12--16-50,plant17,Camta1-3/T3,348.98765214736056,100,1
2025-12-12--16-50,plant18,Camta5-1/T3,796.1077725894165,100,1
2025-12-12--16-50,plant19,Camta5-2/T3,643.4933710141121,100,1
2025-12-12--16-50,plant20,Camta5-5/T3,716.1720533824791,100,1
2025-12-12--16-50,plant21,Camta1-1/T3,979.4833452416453,100,1
2025-12-12--16-50,plant22,Camta1-2/T3,105.38950513326562,100,1
2025-12-13--09-30,plant1,Col-0,529.3304332849631,100,1
2025-12-13--09-30,plant2,Camta1-1/T3,287.2486820281813,100,1
2025-12-13--09-30,plant3,Camta1-2/T3,208.1794746825658,100,1
2025-12-13--09-30,plant4,Camta1-3/T3,314.327177694488,100,1
2025-12-13--09-30,plant5,Camta5-1/T3,672.1965764203972,100,1
2025-12-13--09-30,plant6,Col-0,475.9316398310063,100,1
2025-12-13--09-30,plant7,Camta1-1/T3,566.5904433218011,100,1
2025-12-13--09-30,plant8,Camta1-2/T3,120.44514872373213,100,1
2025-12-13--09-30,plant9,Camta1-3/T3,367.6176571657796,100,1
2025-12-13--09-30,plant10,Camta5-2/T3,893.0487870747944,100,1
2025-12-13--09-30,plant11,Camta5-1/T3,512.5417659718529,100,1
2025-12-13--09-30,plant12,Camta5-5/T3,432.28110481691994,100,1
2025-12-13--09-30,plant13,Camta1-2/T3,699.2750720867039,100,1
2025-12-13--09-30,plant14,Camta5-3/T3,334.79852041821584,100,1
2025-12-13--09-30,plant15,Camta5-4/T3,198.32290226003016,100,1
2025-12-13--09-30,plant16,Camta5-2/T3,735.8851982275504,100,1
2025-12-13--09-30,plant17,Camta1-3/T3,296.78031250272124,100,1
2025-12-13--09-30,plant18,Camta5-1/T3,777.8027095189932,100,1
2025-12-13--09-30,plant19,Camta5-2/T3,589.011437733503,100,1
2025-12-13--09-30,plant20,Camta5-5/T3,671.9799484550667,100,1
2025-12-13--09-30,plant21,Camta1-1/T3,886.4416341322157,100,1
2025-12-13--09-30,plant22,Camta1-2/T3,80.80223106825915,100,1
2025-12-13--12-00,plant1,Col-0,520.8819426370753,100,1
2025-12-13--12-00,plant2,Camta1-1/T3,288.0068799068379,100,1
2025-12-13--12-00,plant3,Camta1-2/T3,210.45406831853555,100,1
2025-12-13--12-00,plant4,Camta1-3/T3,304.79554721994805,100,1
2025-12-13--12-00,plant5,Camta5-1/T3,751.2657837660126,100,1
2025-12-13--12-00,plant6,Col-0,500.7355418613432,100,1
2025-12-13--12-00,plant7,Camta1-1/T3,586.7368440975332,100,1
2025-12-13--12-00,plant8,Camta1-2/T3,123.69456820368893,100,1
2025-12-13--12-00,plant9,Camta1-3/T3,393.50469902276876,100,1
2025-12-13--12-00,plant10,Camta5-2/T3,926.0845517876886,100,1
2025-12-13--12-00,plant11,Camta5-1/T3,527.2724676143238,100,1
2025-12-13--12-00,plant12,Camta5-5/T3,433.0393026955765,100,1
2025-12-13--12-00,plant13,Camta1-2/T3,708.1568186652524,100,1
2025-12-13--12-00,plant14,Camta5-3/T3,343.13869708343833,100,1
2025-12-13--12-00,plant15,Camta5-4/T3,211.21226619719215,100,1
2025-12-13--12-00,plant16,Camta5-2/T3,757.656308743261,100,1
2025-12-13--12-00,plant17,Camta1-3/T3,317.03502726111867,100,1
2025-12-13--12-00,plant18,Camta5-1/T3,816.4708013304792,100,1
2025-12-13--12-00,plant19,Camta5-2/T3,677.1790196229975,100,1
2025-12-13--12-00,plant20,Camta5-5/T3,689.310185681503,100,1
2025-12-13--12-00,plant21,Camta1-1/T3,1003.7456773586562,100,1
2025-12-13--12-00,plant22,Camta1-2/T3,88.92577976815114,100,1
2025-12-13--13-30,plant1,Col-0,527.2724676143238,100,1
2025-12-13--13-30,plant2,Camta1-1/T3,300.78792986133465,100,1
2025-12-13--13-30,plant3,Camta1-2/T3,211.1039522145269,100,1
2025-12-13--13-30,plant4,Camta1-3/T3,317.03502726111867,100,1
2025-12-13--13-30,plant5,Camta5-1/T3,773.2535222470536,100,1
2025-12-13--13-30,plant6,Col-0,513.4082778331748,100,1
2025-12-13--13-30,plant7,Camta1-1/T3,616.8481312784663,100,1
2025-12-13--13-30,plant8,Camta1-2/T3,130.62666309426345,100,1
2025-12-13--13-30,plant9,Camta1-3/T3,400.87004984400414,100,1
2025-12-13--13-30,plant10,Camta5-2/T3,948.9388021300515,100,1
2025-12-13--13-30,plant11,Camta5-1/T3,560.9581162232092,100,1
2025-12-13--13-30,plant12,Camta5-5/T3,454.5937852459566,100,1
2025-12-13--13-30,plant13,Camta1-2/T3,749.2078180953733,100,1
2025-12-13--13-30,plant14,Camta5-3/T3,354.944921193948,100,1
2025-12-13--13-30,plant15,Camta5-4/T3,225.07645597834116,100,1
2025-12-13--13-30,plant16,Camta5-2/T3,782.5685247562632,100,1
2025-12-13--13-30,plant17,Camta1-3/T3,327.21654163165,100,1
2025-12-13--13-30,plant18,Camta5-1/T3,852.5393575579997,100,1
2025-12-13--13-30,plant19,Camta5-2/T3,695.1591407454252,100,1
2025-12-13--13-30,plant20,Camta5-5/T3,708.3734466305829,100,1
2025-12-13--13-30,plant21,Camta1-1/T3,1051.1872017660255,100,1
2025-12-13--13-30,plant22,Camta1-2/T3,95.85787465872566,100,1
2025-12-13--16-50,plant1,Col-0,555.8673590379436,100,1
2025-12-13--16-50,plant2,Camta1-1/T3,307.5033967865787,100,1
2025-12-13--16-50,plant3,Camta1-2/T3,211.1039522145269,100,1
2025-12-13--16-50,plant4,Camta1-3/T3,334.04032253955927,100,1
2025-12-13--16-50,plant5,Camta5-1/T3,775.6364298656887,100,1
2025-12-13--16-50,plant6,Col-0,528.6805493889717,100,1
2025-12-13--16-50,plant7,Camta1-1/T3,633.9617405395721,100,1
2025-12-13--16-50,plant8,Camta1-2/T3,130.30172114626777,100,1
2025-12-13--16-50,plant9,Camta1-3/T3,422.4245323943843,100,1
2025-12-13--16-50,plant10,Camta5-2/T3,981.4329969296194,100,1
2025-12-13--16-50,plant11,Camta5-1/T3,568.6484089924404,100,1
2025-12-13--16-50,plant12,Camta5-5/T3,466.83326528712723,100,1
2025-12-13--16-50,plant13,Camta1-2/T3,771.0872425937491,100,1
2025-12-13--16-50,plant14,Camta5-3/T3,380.94027703360246,100,1
2025-12-13--16-50,plant15,Camta5-4/T3,157.163588847244,100,1
2025-12-13--16-50,plant16,Camta5-2/T3,842.0329012394726,100,1
2025-12-13--16-50,plant17,Camta1-3/T3,324.72532003034974,100,1
2025-12-13--16-50,plant18,Camta5-1/T3,842.8994131007945,100,1
2025-12-13--16-50,plant19,Camta5-2/T3,700.2498979306908,100,1
2025-12-13--16-50,plant20,Camta5-5/T3,723.1041482730537,100,1
2025-12-13--16-50,plant21,Camta1-1/T3,1032.1239408169456,100,1
2025-12-13--16-50,plant22,Camta1-2/T3,98.56572422535633,100,1
2025-12-14--09-30,plant1,Col-0,646.7427904940688,100,1
2025-12-14--09-30,plant2,Camta1-1/T3,311.61932812785733,100,1
2025-12-14--09-30,plant3,Camta1-2/T3,228.00093351030227,100,1
2025-12-14--09-30,plant4,Camta1-3/T3,359.2774805005571,100,1
2025-12-14--09-30,plant5,Camta5-1/T3,888.499599802855,100,1
2025-12-14--09-30,plant6,Col-0,596.0518466067427,100,1
2025-12-14--09-30,plant7,Camta1-1/T3,692.234663213464,100,1
2025-12-14--09-30,plant8,Camta1-2/T3,134.30933850488117,100,1
2025-12-14--09-30,plant9,Camta1-3/T3,441.27116537813373,100,1
2025-12-14--09-30,plant10,Camta5-2/T3,1065.268019512505,100,1
2025-12-14--09-30,plant11,Camta5-1/T3,631.5788329209371,100,1
2025-12-14--09-30,plant12,Camta5-5/T3,513.8415337638356,100,1
2025-12-14--09-30,plant13,Camta1-2/T3,854.0557533153128,100,1
2025-12-14--09-30,plant14,Camta5-3/T3,410.61830828387457,100,1
2025-12-14--09-30,plant15,Camta5-4/T3,254.8628012112785,100,1
2025-12-14--09-30,plant16,Camta5-2/T3,913.1951878505266,100,1
2025-12-14--09-30,plant17,Camta1-3/T3,375.09132196968017,100,1
2025-12-14--09-30,plant18,Camta5-1/T3,952.8381055059996,100,1
2025-12-14--09-30,plant19,Camta5-2/T3,783.3267226349197,100,1
2025-12-14--09-30,plant20,Camta5-5/T3,767.5128811657967,100,1
2025-12-14--09-30,plant21,Camta1-1/T3,1141.0878073781637,100,1
2025-12-14--09-30,plant22,Camta1-2/T3,91.85025730011228,100,1
2025-12-14--12-00,plant1,Col-0,624.5384240476974,100,1
2025-12-14--12-00,plant2,Camta1-1/T3,310.2112463532094,100,1
2025-12-14--12-00,plant3,Camta1-2/T3,230.9254110422634,100,1
2025-12-14--12-00,plant4,Camta1-3/T3,366.6428313217925,100,1
2025-12-14--12-00,plant5,Camta5-1/T3,930.525425076963,100,1
2025-12-14--12-00,plant6,Col-0,620.9640626197449,100,1
2025-12-14--12-00,plant7,Camta1-1/T3,716.8219372784705,100,1
2025-12-14--12-00,plant8,Camta1-2/T3,139.50840967281204,100,1
2025-12-14--12-00,plant9,Camta1-3/T3,469.7577428190884,100,1
2025-12-14--12-00,plant10,Camta5-2/T3,1095.812562624099,100,1
2025-12-14--12-00,plant11,Camta5-1/T3,646.0929065980775,100,1
2025-12-14--12-00,plant12,Camta5-5/T3,563.5576518071747,100,1
2025-12-14--12-00,plant13,Camta1-2/T3,900.955707809356,100,1
2025-12-14--12-00,plant14,Camta5-3/T3,434.01412853956356,100,1
2025-12-14--12-00,plant15,Camta5-4/T3,267.4272232004448,100,1
2025-12-14--12-00,plant16,Camta5-2/T3,955.6542690552955,100,1
2025-12-14--12-00,plant17,Camta1-3/T3,410.0767383705484,100,1
2025-12-14--12-00,plant18,Camta5-1/T3,1003.9623053239866,100,1
2025-12-14--12-00,plant19,Camta5-2/T3,833.584410591585,100,1
2025-12-14--12-00,plant20,Camta5-5/T3,797.5158543640645,100,1
2025-12-14--12-00,plant21,Camta1-1/T3,1168.1663030444704,100,1
2025-12-14--12-00,plant22,Camta1-2/T3,99.32392210401292,100,1
2025-12-14--13-30,plant1,Col-0,645.6596506674166,100,1
2025-12-14--13-30,plant2,Camta1-1/T3,326.67497171832383,100,1
2025-12-14--13-30,plant3,Camta1-2/T3,232.00855086891568,100,1
2025-12-14--13-30,plant4,Camta1-3/T3,383.6481266002331,100,1
2025-12-14--13-30,plant5,Camta5-1/T3,940.7069394474942,100,1
2025-12-14--13-30,plant6,Col-0,648.0425582860515,100,1
2025-12-14--13-30,plant7,Camta1-1/T3,725.8119978396844,100,1
2025-12-14--13-30,plant8,Camta1-2/T3,136.36730417552047,100,1
2025-12-14--13-30,plant9,Camta1-3/T3,469.5411148537579,100,1
2025-12-14--13-30,plant10,Camta5-2/T3,1124.949023961045,100,1
2025-12-14--13-30,plant11,Camta5-1/T3,690.3933255081553,100,1
2025-12-14--13-30,plant12,Camta5-5/T3,573.3059102470452,100,1
2025-12-14--13-30,plant13,Camta1-2/T3,892.7238451267988,100,1
2025-12-14--13-30,plant14,Camta5-3/T3,425.3490099263454,100,1
2025-12-14--13-30,plant15,Camta5-4/T3,260.71175627520074,100,1
2025-12-14--13-30,plant16,Camta5-2/T3,979.6999732069759,100,1
2025-12-14--13-30,plant17,Camta1-3/T3,421.2330785850668,100,1
2025-12-14--13-30,plant18,Camta5-1/T3,1027.5747535450062,100,1
2025-12-14--13-30,plant19,Camta5-2/T3,849.398252060708,100,1
2025-12-14--13-30,plant20,Camta5-5/T3,806.9391708559392,100,1
2025-12-14--13-30,plant21,Camta1-1/T3,1190.478983473507,100,1
2025-12-14--13-30,plant22,Camta1-2/T3,99.75717803467383,100,1
2025-12-14--16-50,plant1,Col-0,663.9647137378399,100,1
2025-12-14--16-50,plant2,Camta1-1/T3,327.86642552764135,100,1
2025-12-14--16-50,plant3,Camta1-2/T3,237.64087796750746,100,1
2025-12-14--16-50,plant4,Camta1-3/T3,375.19963595234543,100,1
2025-12-14--16-50,plant5,Camta5-1/T3,937.6741479328679,100,1
2025-12-14--16-50,plant6,Col-0,652.2668036099955,100,1
2025-12-14--16-50,plant7,Camta1-1/T3,731.7692668862718,100,1
2025-12-14--16-50,plant8,Camta1-2/T3,133.44282664355933,100,1
2025-12-14--16-50,plant9,Camta1-3/T3,465.1002415644836,100,1
2025-12-14--16-50,plant10,Camta5-2/T3,1114.5508816251831,100,1
2025-12-14--16-50,plant11,Camta5-1/T3,678.2621594496499,100,1
2025-12-14--16-50,plant12,Camta5-5/T3,581.6460869122676,100,1
2025-12-14--16-50,plant13,Camta1-2/T3,893.4820430054554,100,1
2025-12-14--16-50,plant14,Camta5-3/T3,423.07441629037567,100,1
2025-12-14--16-50,plant15,Camta5-4/T3,271.5431545417234,100,1
2025-12-14--16-50,plant16,Camta5-2/T3,969.735086801775,100,1
2025-12-14--16-50,plant17,Camta1-3/T3,404.98598118528275,100,1
2025-12-14--16-50,plant18,Camta5-1/T3,1016.4184133304877,100,1
2025-12-14--16-50,plant19,Camta5-2/T3,846.1488325807513,100,1
2025-12-14--16-50,plant20,Camta5-5/T3,808.0223106825914,100,1
2025-12-14--16-50,plant21,Camta1-1/T3,1159.8261263792479,100,1
2025-12-14--16-50,plant22,Camta1-2/T3,95.96618864139089,100,1
2025-12-15--09-30,plant1,Col-0,811.4883581278788,100,1
2025-12-15--09-30,plant2,Camta1-1/T3,344.2218369100906,100,1
2025-12-15--09-30,plant3,Camta1-2/T3,260.38681432720506,100,1
2025-12-15--09-30,plant4,Camta1-3/T3,401.5199337399955,100,1
2025-12-15--09-30,plant5,Camta5-1/T3,1106.9689028386172,100,1
2025-12-15--09-30,plant6,Col-0,736.8600240715375,100,1
2025-12-15--09-30,plant7,Camta1-1/T3,817.6622551397967,100,1
2025-12-15--09-30,plant8,Camta1-2/T3,140.91649144745998,100,1
2025-12-15--09-30,plant9,Camta1-3/T3,512.2168240238573,100,1
2025-12-15--09-30,plant10,Camta5-2/T3,1269.1149348884617,100,1
2025-12-15--09-30,plant11,Camta5-1/T3,793.1832950574554,100,1
2025-12-15--09-30,plant12,Camta5-5/T3,691.1515233868118,100,1
2025-12-15--09-30,plant13,Camta1-2/T3,1048.9126081300558,100,1
2025-12-15--09-30,plant14,Camta5-3/T3,514.491417659827,100,1
2025-12-15--09-30,plant15,Camta5-4/T3,308.1532806825701,100,1
2025-12-15--09-30,plant16,Camta5-2/T3,1132.7476307129411,100,1
2025-12-15--09-30,plant17,Camta1-3/T3,479.9392571896197,100,1
2025-12-15--09-30,plant18,Camta5-1/T3,1163.617115772531,100,1
2025-12-15--09-30,plant19,Camta5-2/T3,1004.0706193066519,100,1
2025-12-15--09-30,plant20,Camta5-5/T3,931.3919369382847,100,1
2025-12-15--09-30,plant21,Camta1-1/T3,1326.6296596836971,100,1
2025-12-15--09-30,plant22,Camta1-2/T3,108.74723859588765,100,1
2025-12-15--12-00,plant1,Col-0,777.9110235016584,100,1
2025-12-15--12-00,plant2,Camta1-1/T3,354.944921193948,100,1
2025-12-15--12-00,plant3,Camta1-2/T3,256.16256900326124,100,1
2025-12-15--12-00,plant4,Camta1-3/T3,406.93563287325685,100,1
2025-12-15--12-00,plant5,Camta5-1/T3,1122.7827443077404,100,1
2025-12-15--12-00,plant6,Col-0,736.6433961062071,100,1
2025-12-15--12-00,plant7,Camta1-1/T3,800.6569598613561,100,1
2025-12-15--12-00,plant8,Camta1-2/T3,143.08277110076452,100,1
2025-12-15--12-00,plant9,Camta1-3/T3,540.5950874821466,100,1
2025-12-15--12-00,plant10,Camta5-2/T3,1279.9463331549844,100,1
2025-12-15--12-00,plant11,Camta5-1/T3,756.5731689166088,100,1
2025-12-15--12-00,plant12,Camta5-5/T3,699.1667581040386,100,1
2025-12-15--12-00,plant13,Camta1-2/T3,1041.6555712914856,100,1
2025-12-15--12-00,plant14,Camta5-3/T3,517.1992672264577,100,1
2025-12-15--12-00,plant15,Camta5-4/T3,308.91147856122666,100,1
2025-12-15--12-00,plant16,Camta5-2/T3,1140.1129815341767,100,1
2025-12-15--12-00,plant17,Camta1-3/T3,514.3831036771618,100,1
2025-12-15--12-00,plant18,Camta5-1/T3,1181.1639809642975,100,1
2025-12-15--12-00,plant19,Camta5-2/T3,1041.2223153608247,100,1
2025-12-15--12-00,plant20,Camta5-5/T3,959.1203165005828,100,1
2025-12-15--12-00,plant21,Camta1-1/T3,1348.617398164738,100,1
2025-12-15--12-00,plant22,Camta1-2/T3,110.69689028386172,100,1
2025-12-15--13-30,plant1,Col-0,789.175677698842,100,1
2025-12-15--13-30,plant2,Camta1-1/T3,357.86939872590915,100,1
2025-12-15--13-30,plant3,Camta1-2/T3,254.42954528061762,100,1
2025-12-15--13-30,plant4,Camta1-3/T3,404.2277833066262,100,1
2025-12-15--13-30,plant5,Camta5-1/T3,1138.2716438288678,100,1
2025-12-15--13-30,plant6,Col-0,755.8149710379522,100,1
2025-12-15--13-30,plant7,Camta1-1/T3,821.2366165677491,100,1
2025-12-15--13-30,plant8,Camta1-2/T3,144.92410880607338,100,1
2025-12-15--13-30,plant9,Camta1-3/T3,524.023048134367,100,1
2025-12-15--13-30,plant10,Camta5-2/T3,1310.4908762665782,100,1
2025-12-15--13-30,plant11,Camta5-1/T3,806.6142289079435,100,1
2025-12-15--13-30,plant12,Camta5-5/T3,731.5526389209414,100,1
2025-12-15--13-30,plant13,Camta1-2/T3,1018.1514370531313,100,1
2025-12-15--13-30,plant14,Camta5-3/T3,528.7888633716369,100,1
2025-12-15--13-30,plant15,Camta5-4/T3,332.30729881691565,100,1
2025-12-15--13-30,plant16,Camta5-2/T3,1176.0732237790319,100,1
2025-12-15--13-30,plant17,Camta1-3/T3,506.69281090793066,100,1
2025-12-15--13-30,plant18,Camta5-1/T3,1221.023526585101,100,1
2025-12-15--13-30,plant19,Camta5-2/T3,1058.1192966566,100,1
2025-12-15--13-30,plant20,Camta5-5/T3,982.191194808276,100,1
2025-12-15--13-30,plant21,Camta1-1/T3,1361.5067621019,100,1
2025-12-15--13-30,plant22,Camta1-2/T3,110.69689028386172,100,1
2025-12-15--16-50,plant1,Col-0,789.8255615948334,100,1
2025-12-15--16-50,plant2,Camta1-1/T3,373.1416702817061,100,1
2025-12-15--16-50,plant3,Camta1-2/T3,269.26856090575365,100,1
2025-12-15--16-50,plant4,Camta1-3/T3,410.94325023187025,100,1
2025-12-15--16-50,plant5,Camta5-1/T3,1154.627055211317,100,1
2025-12-15--16-50,plant6,Col-0,772.7119523337276,100,1
2025-12-15--16-50,plant7,Camta1-1/T3,844.9573787714338,100,1
2025-12-15--16-50,plant8,Camta1-2/T3,147.09038845937792,100,1
2025-12-15--16-50,plant9,Camta1-3/T3,542.2197972221251,100,1
2025-12-15--16-50,plant10,Camta5-2/T3,1306.6998868732953,100,1
2025-12-15--16-50,plant11,Camta5-1/T3,809.4303924572395,100,1
2025-12-15--16-50,plant12,Camta5-5/T3,746.4999685287427,100,1
2025-12-15--16-50,plant13,Camta1-2/T3,1065.4846474778353,100,1
2025-12-15--16-50,plant14,Camta5-3/T3,556.083987003274,100,1
2025-12-15--16-50,plant15,Camta5-4/T3,340.86410344746855,100,1
2025-12-15--16-50,plant16,Camta5-2/T3,1165.4584534778396,100,1
2025-12-15--16-50,plant17,Camta1-3/T3,511.6752541105311,100,1
2025-12-15--16-50,plant18,Camta5-1/T3,1201.9602656360212,100,1
2025-12-15--16-50,plant19,Camta5-2/T3,1082.8148847042717,100,1
2025-12-15--16-50,plant20,Camta5-5/T3,980.241543120302,100,1
2025-12-15--16-50,plant21,Camta1-1/T3,1322.297100377088,100,1
2025-12-15--16-50,plant22,Camta1-2/T3,115.02944959047079,100,1
2025-12-16--09-30,plant1,Col-0,901.388963740017,100,1
2025-12-16--09-30,plant2,Camta1-1/T3,392.5298731787817,100,1
2025-12-16--09-30,plant3,Camta1-2/T3,273.70943419502794,100,1
2025-12-16--09-30,plant4,Camta1-3/T3,431.3062789729329,100,1
2025-12-16--09-30,plant5,Camta5-1/T3,1265.7572014258396,100,1
2025-12-16--09-30,plant6,Col-0,848.9649961300472,100,1
2025-12-16--09-30,plant7,Camta1-1/T3,933.2332746435935,100,1
2025-12-16--09-30,plant8,Camta1-2/T3,161.6044621365183,100,1
2025-12-16--09-30,plant9,Camta1-3/T3,565.5073034951488,100,1
2025-12-16--09-30,plant10,Camta5-2/T3,1338.4358837942068,100,1
2025-12-16--09-30,plant11,Camta5-1/T3,907.5628607519349,100,1
2025-12-16--09-30,plant12,Camta5-5/T3,809.8636483879003,100,1
2025-12-16--09-30,plant13,Camta1-2/T3,1181.5972368949585,100,1
2025-12-16--09-30,plant14,Camta5-3/T3,625.4049359090192,100,1
2025-12-16--09-30,plant15,Camta5-4/T3,375.30794993501064,100,1
2025-12-16--09-30,plant16,Camta5-2/T3,1311.3573881279,100,1
2025-12-16--09-30,plant17,Camta1-3/T3,556.7338708992654,100,1
2025-12-16--09-30,plant18,Camta5-1/T3,1326.9546016316929,100,1
2025-12-16--09-30,plant19,Camta5-2/T3,1078.698953362993,100,1
2025-12-16--09-30,plant20,Camta5-5/T3,1108.3769846132652,100,1
2025-12-16--09-30,plant21,Camta1-1/T3,1386.4189781149023,100,1
2025-12-16--09-30,plant22,Camta1-2/T3,121.74491651571485,100,1
2025-12-16--12-00,plant1,Col-0,902.4721035666691,100,1
2025-12-16--12-00,plant2,Camta1-1/T3,419.1751129144275,100,1
2025-12-16--12-00,plant3,Camta1-2/T3,286.8154260975204,100,1
2025-12-16--12-00,plant4,Camta1-3/T3,445.49541070207755,100,1
2025-12-16--12-00,plant5,Camta5-1/T3,1293.593894970803,100,1
2025-12-16--12-00,plant6,Col-0,870.9527346110882,100,1
2025-12-16--12-00,plant7,Camta1-1/T3,956.6290948992826,100,1
2025-12-16--12-00,plant8,Camta1-2/T3,168.5365570270928,100,1
2025-12-16--12-00,plant9,Camta1-3/T3,594.1021949187686,100,1
2025-12-16--12-00,plant10,Camta5-2/T3,1362.1566459978915,100,1
2025-12-16--12-00,plant11,Camta5-1/T3,937.8907758981983,100,1
2025-12-16--12-00,plant12,Camta5-5/T3,835.2091203315633,100,1
2025-12-16--12-00,plant13,Camta1-2/T3,1214.5246876251874,100,1
2025-12-16--12-00,plant14,Camta5-3/T3,633.2035426609156,100,1
2025-12-16--12-00,plant15,Camta5-4/T3,386.464290149529,100,1
2025-12-16--12-00,plant16,Camta5-2/T3,1325.6548338397101,100,1
2025-12-16--12-00,plant17,Camta1-3/T3,621.9388884637319,100,1
2025-12-16--12-00,plant18,Camta5-1/T3,1367.3557171658224,100,1
2025-12-16--12-00,plant19,Camta5-2/T3,1112.4929159545438,100,1
2025-12-16--12-00,plant20,Camta5-5/T3,1132.09774681695,100,1
2025-12-16--12-00,plant21,Camta1-1/T3,1470.1456867151226,100,1
2025-12-16--12-00,plant22,Camta1-2/T3,124.66939404767598,100,1
2025-12-16--13-30,plant1,Col-0,912.1120480238743,100,1
2025-12-16--13-30,plant2,Camta1-1/T3,410.0767383705484,100,1
2025-12-16--13-30,plant3,Camta1-2/T3,282.91612272157226,100,1
2025-12-16--13-30,plant4,Camta1-3/T3,430.76470905960673,100,1
2025-12-16--13-30,plant5,Camta5-1/T3,1286.011916184237,100,1
2025-12-16--13-30,plant6,Col-0,849.831507991369,100,1
2025-12-16--13-30,plant7,Camta1-1/T3,947.8556623033992,100,1
2025-12-16--13-30,plant8,Camta1-2/T3,163.01254391116623,100,1
2025-12-16--13-30,plant9,Camta1-3/T3,622.4804583770581,100,1
2025-12-16--13-30,plant10,Camta5-2/T3,1371.03839257644,100,1
2025-12-16--13-30,plant11,Camta5-1/T3,907.8878026999305,100,1
2025-12-16--13-30,plant12,Camta5-5/T3,812.0299280412048,100,1
2025-12-16--13-30,plant13,Camta1-2/T3,1207.3759647692825,100,1
2025-12-16--13-30,plant14,Camta5-3/T3,625.8381918396801,100,1
2025-12-16--13-30,plant15,Camta5-4/T3,375.41626391767585,100,1
2025-12-16--13-30,plant16,Camta5-2/T3,1266.1904573565005,100,1
2025-12-16--13-30,plant17,Camta1-3/T3,611.6490601105354,100,1
2025-12-16--13-30,plant18,Camta5-1/T3,1391.4014213175026,100,1
2025-12-16--13-30,plant19,Camta5-2/T3,1130.3647230943063,100,1
2025-12-16--13-30,plant20,Camta5-5/T3,1140.5462374648375,100,1
2025-12-16--13-30,plant21,Camta1-1/T3,1522.5696543250922,100,1
2025-12-16--13-30,plant22,Camta1-2/T3,133.11788469556367,100,1
2025-12-16--16-50,plant1,Col-0,933.7748445569197,100,1
2025-12-16--16-50,plant2,Camta1-1/T3,432.6060467649156,100,1
2025-12-16--16-50,plant3,Camta1-2/T3,289.6315896468163,100,1
2025-12-16--16-50,plant4,Camta1-3/T3,453.40233143663914,100,1
2025-12-16--16-50,plant5,Camta5-1/T3,1287.9615678722112,100,1
2025-12-16--16-50,plant6,Col-0,862.28761599787,100,1
2025-12-16--16-50,plant7,Camta1-1/T3,959.7702003965741,100,1
2025-12-16--16-50,plant8,Camta1-2/T3,165.7203934777969,100,1
2025-12-16--16-50,plant9,Camta1-3/T3,600.492719896017,100,1
2025-12-16--16-50,plant10,Camta5-2/T3,1391.8346772481636,100,1
2025-12-16--16-50,plant11,Camta5-1/T3,929.2256572849802,100,1
2025-12-16--16-50,plant12,Camta5-5/T3,830.0100491636325,100,1
2025-12-16--16-50,plant13,Camta1-2/T3,1215.7161414345048,100,1
2025-12-16--16-50,plant14,Camta5-3/T3,628.7626693716412,100,1
2025-12-16--16-50,plant15,Camta5-4/T3,383.9730685482288,100,1
2025-12-16--16-50,plant16,Camta5-2/T3,1306.8082008559606,100,1
2025-12-16--16-50,plant17,Camta1-3/T3,634.0700545222373,100,1
2025-12-16--16-50,plant18,Camta5-1/T3,1369.1970548711313,100,1
2025-12-16--16-50,plant19,Camta5-2/T3,1114.984137555844,100,1
2025-12-16--16-50,plant20,Camta5-5/T3,1135.563794262237,100,1
2025-12-16--16-50,plant21,Camta1-1/T3,1508.055580647952,100,1
2025-12-16--16-50,plant22,Camta1-2/T3,130.08509318093732,100,1
2025-12-17--09-30,plant1,Col-0,1038.514465794194,100,1
2025-12-17--09-30,plant2,Camta1-1/T3,477.5563495709847,100,1
2025-12-17--09-30,plant3,Camta1-2/T3,319.85119081041455,100,1
2025-12-17--09-30,plant4,Camta1-3/T3,498.35263424270823,100,1
2025-12-17--09-30,plant5,Camta5-1/T3,1460.0724863272565,100,1
2025-12-17--09-30,plant6,Col-0,972.2263084030752,100,1
2025-12-17--09-30,plant7,Camta1-1/T3,1096.1375045720945,100,1
2025-12-17--09-30,plant8,Camta1-2/T3,179.36795529361547,100,1
2025-12-17--09-30,plant9,Camta1-3/T3,715.6304834691531,100,1
2025-12-17--09-30,plant10,Camta5-2/T3,1438.3013758115458,100,1
2025-12-17--09-30,plant11,Camta5-1/T3,1081.2984889469585,100,1
2025-12-17--09-30,plant12,Camta5-5/T3,969.1935168884488,100,1
2025-12-17--09-30,plant13,Camta1-2/T3,1406.6736928732996,100,1
2025-12-17--09-30,plant14,Camta5-3/T3,728.6281613889803,100,1
2025-12-17--09-30,plant15,Camta5-4/T3,450.0445979740171,100,1
2025-12-17--09-30,plant16,Camta5-2/T3,1445.0168427367898,100,1
2025-12-17--09-30,plant17,Camta1-3/T3,730.4694990942892,100,1
2025-12-17--09-30,plant18,Camta5-1/T3,1517.0456412091658,100,1
2025-12-17--09-30,plant19,Camta5-2/T3,1159.0679285005913,100,1
2025-12-17--09-30,plant20,Camta5-5/T3,1252.4345815580168,100,1
2025-12-17--09-30,plant21,Camta1-1/T3,1604.4550252200036,100,1
2025-12-17--09-30,plant22,Camta1-2/T3,141.45806136078613,100,1
2025-12-17--12-00,plant1,Col-0,993.5641629881248,100,1
2025-12-17--12-00,plant2,Camta1-1/T3,483.18867666957647,100,1
2025-12-17--12-00,plant3,Camta1-2/T3,320.17613275841023,100,1
2025-12-17--12-00,plant4,Camta1-3/T3,503.2267634626434,100,1
2025-12-17--12-00,plant5,Camta5-1/T3,1446.7498664594336,100,1
2025-12-17--12-00,plant6,Col-0,1011.0027141972264,100,1
2025-12-17--12-00,plant7,Camta1-1/T3,1114.1176256945223,100,1
2025-12-17--12-00,plant8,Camta1-2/T3,182.07580486024614,100,1
2025-12-17--12-00,plant9,Camta1-3/T3,724.9454859783625,100,1
2025-12-17--12-00,plant10,Camta5-2/T3,1420.212940706453,100,1
2025-12-17--12-00,plant11,Camta5-1/T3,1127.4402455623451,100,1
2025-12-17--12-00,plant12,Camta5-5/T3,997.5717803467383,100,1
2025-12-17--12-00,plant13,Camta1-2/T3,1413.064217850548,100,1
2025-12-17--12-00,plant14,Camta5-3/T3,728.9531033369759,100,1
2025-12-17--12-00,plant15,Camta5-4/T3,475.2817559350149,100,1
2025-12-17--12-00,plant16,Camta5-2/T3,1490.0754595255241,100,1
2025-12-17--12-00,plant17,Camta1-3/T3,769.6791608191012,100,1
2025-12-17--12-00,plant18,Camta5-1/T3,1547.5901843207596,100,1
2025-12-17--12-00,plant19,Camta5-2/T3,1189.1792156815243,100,1
2025-12-17--12-00,plant20,Camta5-5/T3,1264.1324916858612,100,1
2025-12-17--12-00,plant21,Camta1-1/T3,1622.1102043944356,100,1
2025-12-17--12-00,plant22,Camta1-2/T3,153.48091343662628,100,1
2025-12-17--13-30,plant1,Col-0,1023.4588222037274,100,1
2025-12-17--13-30,plant2,Camta1-1/T3,480.91408303360674,100,1
2025-12-17--13-30,plant3,Camta1-2/T3,320.9343306370668,100,1
2025-12-17--13-30,plant4,Camta1-3/T3,507.9925786999134,100,1
2025-12-17--13-30,plant5,Camta5-1/T3,1476.2112697443752,100,1
2025-12-17--13-30,plant6,Col-0,1016.4184133304877,100,1
2025-12-17--13-30,plant7,Camta1-1/T3,1129.7148391983148,100,1
2025-12-17--13-30,plant8,Camta1-2/T3,183.70051460022455,100,1
2025-12-17--13-30,plant9,Camta1-3/T3,774.8782319870321,100,1
2025-12-17--13-30,plant10,Camta5-2/T3,1434.1854444702672,100,1
2025-12-17--13-30,plant11,Camta5-1/T3,1139.6797256035156,100,1
2025-12-17--13-30,plant12,Camta5-5/T3,1012.73573791987,100,1
2025-12-17--13-30,plant13,Camta1-2/T3,1442.0923652048289,100,1
2025-12-17--13-30,plant14,Camta5-3/T3,739.8928155861638,100,1
2025-12-17--13-30,plant15,Camta5-4/T3,467.9164051137795,100,1
2025-12-17--13-30,plant16,Camta5-2/T3,1489.967145542859,100,1
2025-12-17--13-30,plant17,Camta1-3/T3,773.4701502123842,100,1
2025-12-17--13-30,plant18,Camta5-1/T3,1559.5047224139346,100,1
2025-12-17--13-30,plant19,Camta5-2/T3,1191.887065248155,100,1
2025-12-17--13-30,plant20,Camta5-5/T3,1269.331562853792,100,1
2025-12-17--13-30,plant21,Camta1-1/T3,1687.640163906898,100,1
2025-12-17--13-30,plant22,Camta1-2/T3,152.07283166197834,100,1
2025-12-17--16-50,plant1,Col-0,1009.4863184399132,100,1
2025-12-17--16-50,plant2,Camta1-1/T3,488.0628058895117,100,1
2025-12-17--16-50,plant3,Camta1-2/T3,319.6345628450841,100,1
2025-12-17--16-50,plant4,Camta1-3/T3,518.7156629837708,100,1
2025-12-17--16-50,plant5,Camta5-1/T3,1462.0221380152304,100,1
2025-12-17--16-50,plant6,Col-0,1036.0232441928938,100,1
2025-12-17--16-50,plant7,Camta1-1/T3,1133.9390845222588,100,1
2025-12-17--16-50,plant8,Camta1-2/T3,183.05063070423319,100,1
2025-12-17--16-50,plant9,Camta1-3/T3,761.6639261018744,100,1
2025-12-17--16-50,plant10,Camta5-2/T3,1430.3944550769843,100,1
2025-12-17--16-50,plant11,Camta5-1/T3,1116.392219330492,100,1
2025-12-17--16-50,plant12,Camta5-5/T3,1003.0957934626648,100,1
2025-12-17--16-50,plant13,Camta1-2/T3,1440.359341482185,100,1
2025-12-17--16-50,plant14,Camta5-3/T3,738.051477880855,100,1
2025-12-17--16-50,plant15,Camta5-4/T3,479.39768727629354,100,1
2025-12-17--16-50,plant16,Camta5-2/T3,1477.1860955883622,100,1
2025-12-17--16-50,plant17,Camta1-3/T3,772.4953243683971,100,1
2025-12-17--16-50,plant18,Camta5-1/T3,1552.3559995580297,100,1
2025-12-17--16-50,plant19,Camta5-2/T3,1155.3852530899735,100,1
2025-12-17--16-50,plant20,Camta5-5/T3,1260.9913861885698,100,1
2025-12-17--16-50,plant21,Camta1-1/T3,1653.9545152980122,100,1
2025-12-17--16-50,plant22,Camta1-2/T3,153.48091343662628,100,1
2025-12-18--09-30,plant1,Col-0,1047.8294683034035,100,1
2025-12-18--09-30,plant2,Camta1-1/T3,516.1161273998054,100,1
2025-12-18--09-30,plant3,Camta1-2/T3,347.1463144420517,100,1
2025-12-18--09-30,plant4,Camta1-3/T3,565.0740475644878,100,1
2025-12-18--09-30,plant5,Camta5-1/T3,1512.7130819025567,100,1
2025-12-18--09-30,plant6,Col-0,1041.3306293434898,100,1
2025-12-18--09-30,plant7,Camta1-1/T3,1186.146424166898,100,1
2025-12-18--09-30,plant8,Camta1-2/T3,195.6150526933995,100,1
2025-12-18--09-30,plant9,Camta1-3/T3,807.0474848386044,100,1
2025-12-18--09-30,plant10,Camta5-2/T3,1282.4375547562845,100,1
2025-12-18--09-30,plant11,Camta5-1/T3,1208.4591045959346,100,1
2025-12-18--09-30,plant12,Camta5-5/T3,1085.5227342709024,100,1
2025-12-18--09-30,plant13,Camta1-2/T3,1517.587211122492,100,1
2025-12-18--09-30,plant14,Camta5-3/T3,767.1879392178009,100,1
2025-12-18--09-30,plant15,Camta5-4/T3,545.7941586500775,100,1
2025-12-18--09-30,plant16,Camta5-2/T3,1501.2317997400426,100,1
2025-12-18--09-30,plant17,Camta1-3/T3,845.7155766500904,100,1
2025-12-18--09-30,plant18,Camta5-1/T3,1620.377180671792,100,1
2025-12-18--09-30,plant19,Camta5-2/T3,1066.4594733218225,100,1
2025-12-18--09-30,plant20,Camta5-5/T3,1294.3520928494595,100,1
2025-12-18--09-30,plant21,Camta1-1/T3,1573.585540160414,100,1
2025-12-18--09-30,plant22,Camta1-2/T3,159.00492655255286,100,1
2025-12-18--13-00,plant1,Col-0,1062.88511189387,100,1
2025-12-18--13-00,plant2,Camta1-1/T3,535.7209582622114,100,1
2025-12-18--13-00,plant3,Camta1-2/T3,350.2874199393433,100,1
2025-12-18--13-00,plant4,Camta1-3/T3,609.6994084225613,100,1
2025-12-18--13-00,plant5,Camta5-1/T3,1587.2331019762325,100,1
2025-12-18--13-00,plant6,Col-0,1097.0040164334164,100,1
2025-12-18--13-00,plant7,Camta1-1/T3,1210.950326197235,100,1
2025-12-18--13-00,plant8,Camta1-2/T3,204.930055202609,100,1
2025-12-18--13-00,plant9,Camta1-3/T3,870.1945367324316,100,1
2025-12-18--13-00,plant10,Camta5-2/T3,1326.7379736663622,100,1
2025-12-18--13-00,plant11,Camta5-1/T3,1259.3666764485913,100,1
2025-12-18--13-00,plant12,Camta5-5/T3,1175.5316538657057,100,1
2025-12-18--13-00,plant13,Camta1-2/T3,1574.2354240564055,100,1
2025-12-18--13-00,plant14,Camta5-3/T3,790.4754454908248,100,1
2025-12-18--13-00,plant15,Camta5-4/T3,548.0687522860472,100,1
2025-12-18--13-00,plant16,Camta5-2/T3,1526.3606437183753,100,1
2025-12-18--13-00,plant17,Camta1-3/T3,916.7695492784791,100,1
2025-12-18--13-00,plant18,Camta5-1/T3,1704.970401133334,100,1
2025-12-18--13-00,plant19,Camta5-2/T3,1102.2030876013473,100,1
2025-12-18--13-00,plant20,Camta5-5/T3,1318.39779700114,100,1
2025-12-18--13-00,plant21,Camta1-1/T3,1732.9154086609626,100,1
2025-12-18--13-00,plant22,Camta1-2/T3,174.6021400563455,100,1
2025-12-18--15-00,plant1,Col-0,1072.3084283857447,100,1
2025-12-18--15-00,plant2,Camta1-1/T3,526.2976417703367,100,1
2025-12-18--15-00,plant3,Camta1-2/T3,363.2850978591705,100,1
2025-12-18--15-00,plant4,Camta1-3/T3,601.3592317573389,100,1
2025-12-18--15-00,plant5,Camta5-1/T3,1562.7541418938913,100,1
2025-12-18--15-00,plant6,Col-0,1095.4876206761032,100,1
2025-12-18--15-00,plant7,Camta1-1/T3,1207.700906717278,100,1
2025-12-18--15-00,plant8,Camta1-2/T3,206.44645095992217,100,1
2025-12-18--15-00,plant9,Camta1-3/T3,886.6582620975461,100,1
2025-12-18--15-00,plant10,Camta5-2/T3,1292.8356970921463,100,1
2025-12-18--15-00,plant11,Camta5-1/T3,1270.9562725937706,100,1
2025-12-18--15-00,plant12,Camta5-5/T3,1184.7383423922502,100,1
2025-12-18--15-00,plant13,Camta1-2/T3,1574.3437380390706,100,1
2025-12-18--15-00,plant14,Camta5-3/T3,791.4502713348118,100,1
2025-12-18--15-00,plant15,Camta5-4/T3,564.8574195991574,100,1
2025-12-18--15-00,plant16,Camta5-2/T3,1568.0615270444875,100,1
2025-12-18--15-00,plant17,Camta1-3/T3,914.9282115731703,100,1
2025-12-18--15-00,plant18,Camta5-1/T3,1685.4738842535933,100,1
2025-12-18--15-00,plant19,Camta5-2/T3,1088.8804677335245,100,1
2025-12-18--15-00,plant20,Camta5-5/T3,1307.2414567866215,100,1
2025-12-18--15-00,plant21,Camta1-1/T3,1723.9253480997488,100,1
2025-12-18--15-00,plant22,Camta1-2/T3,177.4183036056414,100,1
2025-12-18--16-55,plant1,Col-0,983.1660206522631,100,1
2025-12-18--16-55,plant2,Camta1-1/T3,514.1664757118314,100,1
2025-12-18--16-55,plant3,Camta1-2/T3,346.4964305460603,100,1
2025-12-18--16-55,plant4,Camta1-3/T3,598.3264402427125,100,1
2025-12-18--16-55,plant5,Camta5-1/T3,1531.1264589556451,100,1
2025-12-18--16-55,plant6,Col-0,1096.0291905894294,100,1
2025-12-18--16-55,plant7,Camta1-1/T3,1187.554505941546,100,1
2025-12-18--16-55,plant8,Camta1-2/T3,200.81412386133036,100,1
2025-12-18--16-55,plant9,Camta1-3/T3,854.9222651766346,100,1
2025-12-18--16-55,plant10,Camta5-2/T3,1193.4034610054682,100,1
2025-12-18--16-55,plant11,Camta5-1/T3,1231.4216689209627,100,1
2025-12-18--16-55,plant12,Camta5-5/T3,1168.7078729577966,100,1
2025-12-18--16-55,plant13,Camta1-2/T3,1560.9128041885824,100,1
2025-12-18--16-55,plant14,Camta5-3/T3,762.9636938938571,100,1
2025-12-18--16-55,plant15,Camta5-4/T3,551.751427696665,100,1
2025-12-18--16-55,plant16,Camta5-2/T3,1553.8723953153428,100,1
2025-12-18--16-55,plant17,Camta1-3/T3,912.5453039545353,100,1
2025-12-18--16-55,plant18,Camta5-1/T3,1669.0101588884788,100,1
2025-12-18--16-55,plant19,Camta5-2/T3,1346.667746476764,100,1
2025-12-18--16-55,plant20,Camta5-5/T3,1300.5259898613774,100,1
2025-12-18--16-55,plant21,Camta1-1/T3,1666.6272512698438,100,1
2025-12-18--16-55,plant22,Camta1-2/T3,174.71045403901073,100,1
