time,plant_number,plant_ID,Area (mm^2),Stress (%)
2025-10-28--13-00-06,plant43,Col-0,332.0925705926418,100
2025-10-28--13-00-06,plant44,Col-0,295.9581458131315,100
2025-10-28--13-00-06,plant45,Col-0,281.16023852247497,100
2025-10-28--13-00-06,plant46,Camta1-1/T3,435.1043593291503,100
2025-10-28--13-00-06,plant47,Col-0,360.54126057778,100
2025-10-28--13-00-06,plant48,Col-0,319.0153501962476,100
2025-10-28--13-00-06,plant49,Col-0,344.710941150566,100
2025-10-28--13-00-06,plant50,Camta1-1/T3,388.53110072444827,100
2025-10-28--13-00-06,plant51,Camta1-1/T3,502.5552855842361,100
2025-10-28--13-00-06,plant52,Camta1-2/T3,250.1878744257519,100
2025-10-28--13-00-06,plant53,Camta1-2/T3,351.70840118723305,100
2025-10-28--13-00-06,plant54,Camta1-3/T3,349.1847270756482,100
2025-10-28--13-00-06,plant55,Camta1-1/T3,457.5880014141789,100
2025-10-28--13-00-06,plant56,Camta1-2/T3,372.24193145876427,100
2025-10-28--13-00-06,plant57,Camta1-2/T3,326.1275226925321,100
2025-10-28--13-00-06,plant58,Camta1-3/T3,412.04715494603425,100
2025-10-28--13-00-06,plant59,Camta1-3/T3,406.31153196515965,100
2025-10-28--13-00-06,plant60,Camta5-1/T3,323.7185610405648,100
2025-10-28--13-00-06,plant61,Camta5-1/T3,309.60892850761314,100
2025-10-28--13-00-06,plant62,Camta5-2/T3,451.96709089292176,100
2025-10-28--13-00-06,plant63,Camta1-3/T3,505.07895969582097,100
2025-10-28--13-00-06,plant64,Camta5-1/T3,445.7726180735772,100
2025-10-28--13-00-06,plant65,Camta5-1/T3,380.9600783896937,100
2025-10-28--13-00-06,plant66,Camta5-2/T3,242.15800225252738,100
2025-10-28--13-00-06,plant67,Camta5-2/T3,300.0877943593613,100
2025-10-28--13-00-06,plant68,Camta5-3/T3,226.09825790607837,100
2025-10-28--13-00-06,plant69,Camta5-3/T3,171.95397696662175,100
2025-10-28--13-00-06,plant70,Camta5-4/T3,158.87675657022757,100
2025-10-28--13-00-06,plant71,Camta5-2/T3,406.4262444247771,100
2025-10-28--13-00-06,plant72,Camta5-3/T3,271.52439191460553,100
2025-10-28--13-00-06,plant73,Camta5-3/T3,316.3769636250452,100
2025-10-28--13-00-06,plant74,Camta5-4/T3,211.64448799427427,100
2025-10-28--13-00-06,plant75,Camta5-4/T3,204.53231549798974,100
2025-10-28--13-00-06,plant76,Camta5-5/T3,353.6585130007304,100
2025-10-28--13-00-06,plant77,Camta5-5/T3,317.0652383827502,100
2025-10-28--13-00-06,plant78,Camta5-2/T3,304.217442905591,100
2025-10-28--13-00-06,plant79,Camta5-4/T3,188.58728361115823,100
2025-10-28--13-00-06,plant80,Camta5-5/T3,489.7074901070769,100
2025-10-28--13-00-06,plant81,Camta5-5/T3,411.24416772871183,100
2025-10-28--13-00-06,plant82,Camta5-2/T3,374.7656055703491,100
2025-10-28--13-00-06,plant83,Camta5-1/T3,327.27464728870706,100
2025-10-28--13-00-06,plant84,Camta1-3/T3,281.04552606285745,100
2025-10-28--15-30-06,plant43,Col-0,337.48405619466394,100
2025-10-28--15-30-06,plant44,Col-0,299.6289445208913,100
2025-10-28--15-30-06,plant45,Col-0,290.1078103726394,100
2025-10-28--15-30-06,plant46,Camta1-1/T3,432.3512602983305,100
2025-10-28--15-30-06,plant47,Col-0,364.0973468259223,100
2025-10-28--15-30-06,plant48,Col-0,320.3918997116575,100
2025-10-28--15-30-06,plant49,Col-0,343.44910409477353,100
2025-10-28--15-30-06,plant50,Camta1-1/T3,416.2915159518815,100
2025-10-28--15-30-06,plant51,Camta1-1/T3,516.5502056575702,100
2025-10-28--15-30-06,plant52,Camta1-2/T3,247.77891277378453,100
2025-10-28--15-30-06,plant53,Camta1-2/T3,353.8879379199654,100
2025-10-28--15-30-06,plant54,Camta1-3/T3,350.33185167182313,100
2025-10-28--15-30-06,plant55,Camta1-1/T3,457.5880014141789,100
2025-10-28--15-30-06,plant56,Camta1-2/T3,382.7954777435736,100
2025-10-28--15-30-06,plant57,Camta1-2/T3,327.61878466755957,100
2025-10-28--15-30-06,plant58,Camta1-3/T3,421.6830015539037,100
2025-10-28--15-30-06,plant59,Camta1-3/T3,409.9823306729194,100
2025-10-28--15-30-06,plant60,Camta5-1/T3,318.09765051930765,100
2025-10-28--15-30-06,plant61,Camta5-1/T3,313.27972721537293,100
2025-10-28--15-30-06,plant62,Camta5-2/T3,459.6528256872938,100
2025-10-28--15-30-06,plant63,Camta1-3/T3,510.24102037860814,100
2025-10-28--15-30-06,plant64,Camta5-1/T3,443.82250626007976,100
2025-10-28--15-30-06,plant65,Camta5-1/T3,383.0249026628086,100
2025-10-28--15-30-06,plant66,Camta5-2/T3,257.18533446241895,100
2025-10-28--15-30-06,plant67,Camta5-2/T3,309.95306588646565,100
2025-10-28--15-30-06,plant68,Camta5-3/T3,228.16308217919325,100
2025-10-28--15-30-06,plant69,Camta5-3/T3,175.39535075514655,100
2025-10-28--15-30-06,plant70,Camta5-4/T3,156.35308245864275,100
2025-10-28--15-30-06,plant71,Camta5-2/T3,417.7827779269089,100
2025-10-28--15-30-06,plant72,Camta5-3/T3,276.11289029930526,100
2025-10-28--15-30-06,plant73,Camta5-3/T3,320.3918997116575,100
2025-10-28--15-30-06,plant74,Camta5-4/T3,214.28287456547662,100
2025-10-28--15-30-06,plant75,Camta5-4/T3,204.8764528768422,100
2025-10-28--15-30-06,plant76,Camta5-5/T3,360.6559730373975,100
2025-10-28--15-30-06,plant77,Camta5-5/T3,315.45926394810533,100
2025-10-28--15-30-06,plant78,Camta5-2/T3,310.8707655634056,100
2025-10-28--15-30-06,plant79,Camta5-4/T3,190.42268296503812,100
2025-10-28--15-30-06,plant80,Camta5-5/T3,498.88448687647633,100
2025-10-28--15-30-06,plant81,Camta5-5/T3,417.32392808843895,100
2025-10-28--15-30-06,plant82,Camta5-2/T3,373.2743435953217,100
2025-10-28--15-30-06,plant83,Camta5-1/T3,324.5215482578872,100
2025-10-28--15-30-06,plant84,Camta1-3/T3,280.242538845535,100
2025-10-29--10-30-06,plant43,Col-0,375.33916786843656,100
2025-10-29--10-30-06,plant44,Col-0,326.24223515214965,100
2025-10-29--10-30-06,plant45,Col-0,320.506612171275,100
2025-10-29--10-30-06,plant46,Camta1-1/T3,504.161260018881,100
2025-10-29--10-30-06,plant47,Col-0,409.0646309959795,100
2025-10-29--10-30-06,plant48,Col-0,330.48659615799687,100
2025-10-29--10-30-06,plant49,Col-0,369.6035448875619,100
2025-10-29--10-30-06,plant50,Camta1-1/T3,461.4882250411737,100
2025-10-29--10-30-06,plant51,Camta1-1/T3,593.7516909801429,100
2025-10-29--10-30-06,plant52,Camta1-2/T3,278.40713949165513,100
2025-10-29--10-30-06,plant53,Camta1-2/T3,383.598464960896,100
2025-10-29--10-30-06,plant54,Camta1-3/T3,391.51362467450303,100
2025-10-29--10-30-06,plant55,Camta1-1/T3,500.3757488515038,100
2025-10-29--10-30-06,plant56,Camta1-2/T3,410.67060543062433,100
2025-10-29--10-30-06,plant57,Camta1-2/T3,348.61116477756076,100
2025-10-29--10-30-06,plant58,Camta1-3/T3,469.1739598355457,100
2025-10-29--10-30-06,plant59,Camta1-3/T3,467.3385604816658,100
2025-10-29--10-30-06,plant60,Camta5-1/T3,379.00996657619635,100
2025-10-29--10-30-06,plant61,Camta5-1/T3,344.940366069801,100
2025-10-29--10-30-06,plant62,Camta5-2/T3,502.5552855842361,100
2025-10-29--10-30-06,plant63,Camta1-3/T3,582.2804450183936,100
2025-10-29--10-30-06,plant64,Camta5-1/T3,491.6576019205743,100
2025-10-29--10-30-06,plant65,Camta5-1/T3,427.6480494540133,100
2025-10-29--10-30-06,plant66,Camta5-2/T3,271.06554207613556,100
2025-10-29--10-30-06,plant67,Camta5-2/T3,325.43924793482716,100
2025-10-29--10-30-06,plant68,Camta5-3/T3,236.76651665050522,100
2025-10-29--10-30-06,plant69,Camta5-3/T3,180.9015488167862,100
2025-10-29--10-30-06,plant70,Camta5-4/T3,153.9441208066754,100
2025-10-29--10-30-06,plant71,Camta5-2/T3,463.20891193543605,100
2025-10-29--10-30-06,plant72,Camta5-3/T3,281.16023852247497,100
2025-10-29--10-30-06,plant73,Camta5-3/T3,343.56381655439105,100
2025-10-29--10-30-06,plant74,Camta5-4/T3,235.73410451394778,100
2025-10-29--10-30-06,plant75,Camta5-4/T3,215.54471162126904,100
2025-10-29--10-30-06,plant76,Camta5-5/T3,375.56859278767155,100
2025-10-29--10-30-06,plant77,Camta5-5/T3,334.04268240613914,100
2025-10-29--10-30-06,plant78,Camta5-2/T3,335.64865684078404,100
2025-10-29--10-30-06,plant79,Camta5-4/T3,195.12589380935532,100
2025-10-29--10-30-06,plant80,Camta5-5/T3,544.0811959657685,100
2025-10-29--10-30-06,plant81,Camta5-5/T3,452.42594073139173,100
2025-10-29--10-30-06,plant82,Camta5-2/T3,395.4138483014978,100
2025-10-29--10-30-06,plant83,Camta5-1/T3,359.85298582007505,100
2025-10-29--10-30-06,plant84,Camta1-3/T3,266.82118107028833,100
2025-10-29--13-00-07,plant43,Col-0,386.58098891095085,100
2025-10-29--13-00-07,plant44,Col-0,327.61878466755957,100
2025-10-29--13-00-07,plant45,Col-0,332.0925705926418,100
2025-10-29--13-00-07,plant46,Camta1-1/T3,511.50285743440054,100
2025-10-29--13-00-07,plant47,Col-0,407.91750639980455,100
2025-10-29--13-00-07,plant48,Col-0,331.6337207541718,100
2025-10-29--13-00-07,plant49,Col-0,379.8129537935188,100
2025-10-29--13-00-07,plant50,Camta1-1/T3,454.8349023833591,100
2025-10-29--13-00-07,plant51,Camta1-1/T3,602.2404129918374,100
2025-10-29--13-00-07,plant52,Camta1-2/T3,284.0280500129123,100
2025-10-29--13-00-07,plant53,Camta1-2/T3,382.91019020319106,100
2025-10-29--13-00-07,plant54,Camta1-3/T3,401.26418374198994,100
2025-10-29--13-00-07,plant55,Camta1-1/T3,503.1288478823236,100
2025-10-29--13-00-07,plant56,Camta1-2/T3,417.32392808843895,100
2025-10-29--13-00-07,plant57,Camta1-2/T3,353.8879379199654,100
2025-10-29--13-00-07,plant58,Camta1-3/T3,476.40084479144775,100
2025-10-29--13-00-07,plant59,Camta1-3/T3,470.4357968913381,100
2025-10-29--13-00-07,plant60,Camta5-1/T3,390.25178761871064,100
2025-10-29--13-00-07,plant61,Camta5-1/T3,355.2644874353753,100
2025-10-29--13-00-07,plant62,Camta5-2/T3,507.4879213477883,100
2025-10-29--13-00-07,plant63,Camta1-3/T3,588.4749178377383,100
2025-10-29--13-00-07,plant64,Camta5-1/T3,490.51047732439935,100
2025-10-29--13-00-07,plant65,Camta5-1/T3,423.9772507462535,100
2025-10-29--13-00-07,plant66,Camta5-2/T3,266.93589352990585,100
2025-10-29--13-00-07,plant67,Camta5-2/T3,340.2371552254838,100
2025-10-29--13-00-07,plant68,Camta5-3/T3,241.12559011596994,100
2025-10-29--13-00-07,plant69,Camta5-3/T3,185.8341845803384,100
2025-10-29--13-00-07,plant70,Camta5-4/T3,155.66480770093779,100
2025-10-29--13-00-07,plant71,Camta5-2/T3,472.3859087048355,100
2025-10-29--13-00-07,plant72,Camta5-3/T3,282.1926506590324,100
2025-10-29--13-00-07,plant73,Camta5-3/T3,347.9228900198558,100
2025-10-29--13-00-07,plant74,Camta5-4/T3,230.5720438311606,100
2025-10-29--13-00-07,plant75,Camta5-4/T3,210.84150077695185,100
2025-10-29--13-00-07,plant76,Camta5-5/T3,392.7754617302955,100
2025-10-29--13-00-07,plant77,Camta5-5/T3,342.5314044178336,100
2025-10-29--13-00-07,plant78,Camta5-2/T3,341.3842798216587,100
2025-10-29--13-00-07,plant79,Camta5-4/T3,194.55233151126785,100
2025-10-29--13-00-07,plant80,Camta5-5/T3,548.4402694312332,100
2025-10-29--13-00-07,plant81,Camta5-5/T3,471.92705886636554,100
2025-10-29--13-00-07,plant82,Camta5-2/T3,415.83266611341156,100
2025-10-29--13-00-07,plant83,Camta5-1/T3,347.1199028025333,100
2025-10-29--13-00-07,plant84,Camta1-3/T3,269.3448551818732,100
2025-10-29--15-30-06,plant43,Col-0,389.67822532062314,100
2025-10-29--15-30-06,plant44,Col-0,340.5812926043362,100
2025-10-29--15-30-06,plant45,Col-0,338.86060571007386,100
2025-10-29--15-30-06,plant46,Camta1-1/T3,514.2559564652204,100
2025-10-29--15-30-06,plant47,Col-0,419.6181772807888,100
2025-10-29--15-30-06,plant48,Col-0,349.9877142929706,100
2025-10-29--15-30-06,plant49,Col-0,380.9600783896937,100
2025-10-29--15-30-06,plant50,Camta1-1/T3,462.9794870162011,100
2025-10-29--15-30-06,plant51,Camta1-1/T3,604.6493746438048,100
2025-10-29--15-30-06,plant52,Camta1-2/T3,285.1751746090872,100
2025-10-29--15-30-06,plant53,Camta1-2/T3,387.6134010475083,100
2025-10-29--15-30-06,plant54,Camta1-3/T3,401.60832112084245,100
2025-10-29--15-30-06,plant55,Camta1-1/T3,504.2759724784985,100
2025-10-29--15-30-06,plant56,Camta1-2/T3,429.13931142904073,100
2025-10-29--15-30-06,plant57,Camta1-2/T3,365.4738963413322,100
2025-10-29--15-30-06,plant58,Camta1-3/T3,493.72242619368916,100
2025-10-29--15-30-06,plant59,Camta1-3/T3,472.6153336240705,100
2025-10-29--15-30-06,plant60,Camta5-1/T3,393.11959910914794,100
2025-10-29--15-30-06,plant61,Camta5-1/T3,364.21205928553974,100
2025-10-29--15-30-06,plant62,Camta5-2/T3,508.97918332281574,100
2025-10-29--15-30-06,plant63,Camta1-3/T3,593.0634162224379,100
2025-10-29--15-30-06,plant64,Camta5-1/T3,512.7646944901929,100
2025-10-29--15-30-06,plant65,Camta5-1/T3,452.42594073139173,100
2025-10-29--15-30-06,plant66,Camta5-2/T3,272.786228970398,100
2025-10-29--15-30-06,plant67,Camta5-2/T3,332.43670797149423,100
2025-10-29--15-30-06,plant68,Camta5-3/T3,246.86121309684458,100
2025-10-29--15-30-06,plant69,Camta5-3/T3,185.4900472014859,100
2025-10-29--15-30-06,plant70,Camta5-4/T3,163.4652549549273,100
2025-10-29--15-30-06,plant71,Camta5-2/T3,482.3658926915574,100
2025-10-29--15-30-06,plant72,Camta5-3/T3,294.8110212169566,100
2025-10-29--15-30-06,plant73,Camta5-3/T3,347.5787526410033,100
2025-10-29--15-30-06,plant74,Camta5-4/T3,235.84881697356528,100
2025-10-29--15-30-06,plant75,Camta5-4/T3,216.57712375782648,100
2025-10-29--15-30-06,plant76,Camta5-5/T3,396.56097289767274,100
2025-10-29--15-30-06,plant77,Camta5-5/T3,341.6137047408937,100
2025-10-29--15-30-06,plant78,Camta5-2/T3,356.18218711231526,100
2025-10-29--15-30-06,plant79,Camta5-4/T3,194.55233151126785,100
2025-10-29--15-30-06,plant80,Camta5-5/T3,554.0611799524904,100
2025-10-29--15-30-06,plant81,Camta5-5/T3,469.5180972143982,100
2025-10-29--15-30-06,plant82,Camta5-2/T3,410.9000303498593,100
2025-10-29--15-30-06,plant83,Camta5-1/T3,341.8431296601287,100
2025-10-29--15-30-06,plant84,Camta1-3/T3,268.8860053434032,100
2025-10-29--17-50-05,plant43,Col-0,396.9051102765252,100
2025-10-29--17-50-05,plant44,Col-0,349.87300183335316,100
2025-10-29--17-50-05,plant45,Col-0,344.82565361018345,100
2025-10-29--17-50-05,plant46,Camta1-1/T3,524.3506529115598,100
2025-10-29--17-50-05,plant47,Col-0,420.53587695772876,100
2025-10-29--17-50-05,plant48,Col-0,344.3668037717135,100
2025-10-29--17-50-05,plant49,Col-0,391.1694872956506,100
2025-10-29--17-50-05,plant50,Camta1-1/T3,466.76499818357837,100
2025-10-29--17-50-05,plant51,Camta1-1/T3,618.3001573382863,100
2025-10-29--17-50-05,plant52,Camta1-2/T3,290.9107975899618,100
2025-10-29--17-50-05,plant53,Camta1-2/T3,401.03475882275495,100
2025-10-29--17-50-05,plant54,Camta1-3/T3,408.720493617127,100
2025-10-29--17-50-05,plant55,Camta1-1/T3,515.4030810613954,100
2025-10-29--17-50-05,plant56,Camta1-2/T3,431.3188481617731,100
2025-10-29--17-50-05,plant57,Camta1-2/T3,375.56859278767155,100
2025-10-29--17-50-05,plant58,Camta1-3/T3,495.4431130879516,100
2025-10-29--17-50-05,plant59,Camta1-3/T3,486.4955412377871,100
2025-10-29--17-50-05,plant60,Camta5-1/T3,408.14693131903954,100
2025-10-29--17-50-05,plant61,Camta5-1/T3,371.09480686258934,100
2025-10-29--17-50-05,plant62,Camta5-2/T3,515.6325059806303,100
2025-10-29--17-50-05,plant63,Camta1-3/T3,609.8114353265919,100
2025-10-29--17-50-05,plant64,Camta5-1/T3,527.1037519423796,100
2025-10-29--17-50-05,plant65,Camta5-1/T3,454.9496148429766,100
2025-10-29--17-50-05,plant66,Camta5-2/T3,273.5892161877204,100
2025-10-29--17-50-05,plant67,Camta5-2/T3,349.9877142929706,100
2025-10-29--17-50-05,plant68,Camta5-3/T3,256.1529223258615,100
2025-10-29--17-50-05,plant69,Camta5-3/T3,186.63717179766084,100
2025-10-29--17-50-05,plant70,Camta5-4/T3,166.5624913645996,100
2025-10-29--17-50-05,plant71,Camta5-2/T3,486.8396786166396,100
2025-10-29--17-50-05,plant72,Camta5-3/T3,293.3197592419292,100
2025-10-29--17-50-05,plant73,Camta5-3/T3,356.41161203155025,100
2025-10-29--17-50-05,plant74,Camta5-4/T3,235.6193920543303,100
2025-10-29--17-50-05,plant75,Camta5-4/T3,216.80654867706147,100
2025-10-29--17-50-05,plant76,Camta5-5/T3,408.261643778657,100
2025-10-29--17-50-05,plant77,Camta5-5/T3,356.9851743296377,100
2025-10-29--17-50-05,plant78,Camta5-2/T3,359.3941359816051,100
2025-10-29--17-50-05,plant79,Camta5-4/T3,198.68198005749758,100
2025-10-29--17-50-05,plant80,Camta5-5/T3,570.5797741374093,100
2025-10-29--17-50-05,plant81,Camta5-5/T3,478.5803815241801,100
2025-10-29--17-50-05,plant82,Camta5-2/T3,420.76530187696375,100
2025-10-29--17-50-05,plant83,Camta5-1/T3,351.36426380838054,100
2025-10-29--17-50-05,plant84,Camta1-3/T3,271.9832417530755,100
2025-10-28--15-30-05,plant1,Col-0,209.3126121827757,100
2025-10-28--15-30-05,plant2,Col-0,216.29940313185307,100
2025-10-28--15-30-05,plant3,Col-0,356.7144934556715,100
2025-10-28--15-30-05,plant4,Camta1-1/T3,382.5268044619851,100
2025-10-28--15-30-05,plant5,Col-0,215.23197673685513,100
2025-10-28--15-30-05,plant6,Col-0,274.03746722492286,100
2025-10-28--15-30-05,plant7,Col-0,271.70853690856376,100
2025-10-28--15-30-05,plant8,Camta1-1/T3,360.11085016702856,100
2025-10-28--15-30-05,plant9,Camta1-1/T3,407.9509604155721,100
2025-10-28--15-30-05,plant10,Camta1-2/T3,240.36501640089728,100
2025-10-28--15-30-05,plant11,Camta1-2/T3,140.90028413972664,100
2025-10-28--15-30-05,plant12,Camta1-3/T3,340.0238261884312,100
2025-10-28--15-30-05,plant13,Camta1-1/T3,370.00880401155484,100
2025-10-28--15-30-05,plant14,Camta1-2/T3,306.4484141275872,100
2025-10-28--15-30-05,plant15,Camta1-2/T3,185.5381152032764,100
2025-10-28--15-30-05,plant16,Camta1-3/T3,314.21151518211764,100
2025-10-28--15-30-05,plant17,Camta1-3/T3,322.6538875789194,100
2025-10-28--15-30-05,plant18,Camta5-1/T3,221.6365351068427,100
2025-10-28--15-30-05,plant19,Camta5-1/T3,280.15090930536553,100
2025-10-28--15-30-05,plant20,Camta5-2/T3,194.85383646871284,100
2025-10-28--15-30-05,plant21,Camta1-3/T3,402.1286346246743,100
2025-10-28--15-30-05,plant22,Camta5-1/T3,254.338598299052,100
2025-10-28--15-30-05,plant23,Camta5-1/T3,250.74816406133166,100
2025-10-28--15-30-05,plant24,Camta5-2/T3,314.01743765575435,100
2025-10-28--15-30-05,plant25,Camta5-2/T3,318.48122076210933,100
2025-10-28--15-30-05,plant26,Camta5-3/T3,152.64197448470384,100
2025-10-28--15-30-05,plant27,Camta5-3/T3,143.32625321926736,100
2025-10-28--15-30-05,plant28,Camta5-4/T3,142.54994311381432,100
2025-10-28--15-30-05,plant29,Camta5-2/T3,390.1928667533339,100
2025-10-28--15-30-05,plant30,Camta5-3/T3,255.0178696413234,100
2025-10-28--15-30-05,plant31,Camta5-3/T3,237.06569845272185,100
2025-10-28--15-30-05,plant32,Camta5-4/T3,173.6023473319359,100
2025-10-28--15-30-05,plant33,Camta5-4/T3,109.6538023952418,100
2025-10-28--15-30-05,plant34,Camta5-5/T3,267.6329088549353,100
2025-10-28--15-30-05,plant35,Camta5-5/T3,292.6689097557958,100
2025-10-28--15-30-05,plant36,Camta5-1/T3,263.84839709085173,100
2025-10-28--15-30-05,plant37,Camta5-4/T3,183.20918488691726,100
2025-10-28--15-30-05,plant38,Camta5-5/T3,164.8688586455892,100
2025-10-28--15-30-05,plant39,Camta5-5/T3,150.02192787879983,100
2025-10-28--15-30-05,plant40,Camta5-1/T3,217.36682952685098,100
2025-10-28--15-30-05,plant41,Camta5-2/T3,183.40326241328052,100
2025-10-28--15-30-05,plant42,Camta5-1/T3,222.02469015956922,100
2025-10-28--13-00-07,plant1,Col-0,200.8702397859739,100
2025-10-28--13-00-07,plant2,Col-0,211.2533874464083,100
2025-10-28--13-00-07,plant3,Col-0,342.9349890838801,100
2025-10-28--13-00-07,plant4,Camta1-1/T3,372.14365680155066,100
2025-10-28--13-00-07,plant5,Col-0,216.59051942139794,100
2025-10-28--13-00-07,plant6,Col-0,267.8269863812985,100
2025-10-28--13-00-07,plant7,Col-0,273.16411835628816,100
2025-10-28--13-00-07,plant8,Camta1-1/T3,357.68488108748784,100
2025-10-28--13-00-07,plant9,Camta1-1/T3,402.225673387856,100
2025-10-28--13-00-07,plant10,Camta1-2/T3,244.92583827043387,100
2025-10-28--13-00-07,plant11,Camta1-2/T3,138.76543134973076,100
2025-10-28--13-00-07,plant12,Camta1-3/T3,327.6999032643642,100
2025-10-28--13-00-07,plant13,Camta1-1/T3,362.63385800975095,100
2025-10-28--13-00-07,plant14,Camta1-2/T3,312.27073991848505,100
2025-10-28--13-00-07,plant15,Camta1-2/T3,182.43287478146422,100
2025-10-28--13-00-07,plant16,Camta1-3/T3,304.89579391668116,100
2025-10-28--13-00-07,plant17,Camta1-3/T3,317.7049106566563,100
2025-10-28--13-00-07,plant18,Camta5-1/T3,236.77458216317697,100
2025-10-28--13-00-07,plant19,Camta5-1/T3,276.56047506764526,100
2025-10-28--13-00-07,plant20,Camta5-2/T3,190.098937072813,100
2025-10-28--13-00-07,plant21,Camta1-3/T3,393.68626222787253,100
2025-10-28--13-00-07,plant22,Camta5-1/T3,257.8319937735907,100
2025-10-28--13-00-07,plant23,Camta5-1/T3,260.355001616313,100
2025-10-28--13-00-07,plant24,Camta5-2/T3,307.12768546985865,100
2025-10-28--13-00-07,plant25,Camta5-2/T3,315.18190281393396,100
2025-10-28--13-00-07,plant26,Camta5-3/T3,152.25381943197732,100
2025-10-28--13-00-07,plant27,Camta5-3/T3,140.90028413972664,100
2025-10-28--13-00-07,plant28,Camta5-4/T3,144.29664085108368,100
2025-10-28--13-00-07,plant29,Camta5-2/T3,380.6830679615341,100
2025-10-28--13-00-07,plant30,Camta5-3/T3,253.0770943776908,100
2025-10-28--13-00-07,plant31,Camta5-3/T3,226.4884732659242,100
2025-10-28--13-00-07,plant32,Camta5-4/T3,164.67478111922594,100
2025-10-28--13-00-07,plant33,Camta5-4/T3,108.10118218433571,100
2025-10-28--13-00-07,plant34,Camta5-5/T3,257.3467999576825,100
2025-10-28--13-00-07,plant35,Camta5-5/T3,286.07027385944497,100
2025-10-28--13-00-07,plant36,Camta5-1/T3,273.64931217219635,100
2025-10-28--13-00-07,plant37,Camta5-4/T3,176.31943270102153,100
2025-10-28--13-00-07,plant38,Camta5-5/T3,165.1599749351341,100
2025-10-28--13-00-07,plant39,Camta5-5/T3,146.14037735153462,100
2025-10-28--13-00-07,plant40,Camta5-1/T3,204.84882907642074,100
2025-10-28--13-00-07,plant41,Camta5-2/T3,181.94768096555606,100
2025-10-28--13-00-07,plant42,Camta5-1/T3,230.0789075036445,100
2025-10-29--13-00-05,plant1,Col-0,235.61011700499742,100
2025-10-29--13-00-05,plant2,Col-0,254.62971458859687,100
2025-10-29--13-00-05,plant3,Col-0,393.298107175146,100
2025-10-29--13-00-05,plant4,Camta1-1/T3,407.2716890733007,100
2025-10-29--13-00-05,plant5,Col-0,235.70715576817904,100
2025-10-29--13-00-05,plant6,Col-0,292.3777934662509,100
2025-10-29--13-00-05,plant7,Col-0,295.5800726512447,100
2025-10-29--13-00-05,plant8,Camta1-1/T3,342.83795032069844,100
2025-10-29--13-00-05,plant9,Camta1-1/T3,446.96054321458735,100
2025-10-29--13-00-05,plant10,Camta1-2/T3,269.8648004081128,100
2025-10-29--13-00-05,plant11,Camta1-2/T3,136.82465608609817,100
2025-10-29--13-00-05,plant12,Camta1-3/T3,389.51359541106245,100
2025-10-29--13-00-05,plant13,Camta1-1/T3,403.0990222564906,100
2025-10-29--13-00-05,plant14,Camta1-2/T3,336.14227566116597,100
2025-10-29--13-00-05,plant15,Camta1-2/T3,200.67616225961063,100
2025-10-29--13-00-05,plant16,Camta1-3/T3,332.4548026602641,100
2025-10-29--13-00-05,plant17,Camta1-3/T3,358.6552687193041,100
2025-10-29--13-00-05,plant18,Camta5-1/T3,250.8452028245133,100
2025-10-29--13-00-05,plant19,Camta5-1/T3,312.56185620802995,100
2025-10-29--13-00-05,plant20,Camta5-2/T3,206.78960434005333,100
2025-10-29--13-00-05,plant21,Camta1-3/T3,441.9145275291426,100
2025-10-29--13-00-05,plant22,Camta5-1/T3,292.47483222943254,100
2025-10-29--13-00-05,plant23,Camta5-1/T3,285.58508004353683,100
2025-10-29--13-00-05,plant24,Camta5-2/T3,330.1258723439049,100
2025-10-29--13-00-05,plant25,Camta5-2/T3,348.1750822956881,100
2025-10-29--13-00-05,plant26,Camta5-3/T3,154.00051716924665,100
2025-10-29--13-00-05,plant27,Camta5-3/T3,155.4560986169711,100
2025-10-29--13-00-05,plant28,Camta5-4/T3,152.25381943197732,100
2025-10-29--13-00-05,plant29,Camta5-2/T3,441.52637247641604,100
2025-10-29--13-00-05,plant30,Camta5-3/T3,270.73814927674744,100
2025-10-29--13-00-05,plant31,Camta5-3/T3,243.56729558589106,100
2025-10-29--13-00-05,plant32,Camta5-4/T3,166.03332380376878,100
2025-10-29--13-00-05,plant33,Camta5-4/T3,108.48933723706223,100
2025-10-29--13-00-05,plant34,Camta5-5/T3,314.40559270848087,100
2025-10-29--13-00-05,plant35,Camta5-5/T3,314.69670899802577,100
2025-10-29--13-00-05,plant36,Camta5-1/T3,301.4994372053241,100
2025-10-29--13-00-05,plant37,Camta5-4/T3,195.43606904780262,100
2025-10-29--13-00-05,plant38,Camta5-5/T3,166.4214788564953,100
2025-10-29--13-00-05,plant39,Camta5-5/T3,161.18138564468728,100
2025-10-29--13-00-05,plant40,Camta5-1/T3,236.5805046368137,100
2025-10-29--13-00-05,plant41,Camta5-2/T3,206.59552681369007,100
2025-10-29--13-00-05,plant42,Camta5-1/T3,262.29577687994566,100
2025-10-29--10-30-09,plant1,Col-0,226.7795895554691,100
2025-10-29--10-30-09,plant2,Col-0,246.9636522972481,100
2025-10-29--10-30-09,plant3,Col-0,387.4757813842482,100
2025-10-29--10-30-09,plant4,Camta1-1/T3,402.5167896774008,100
2025-10-29--10-30-09,plant5,Col-0,240.94724897998705,100
2025-10-29--10-30-09,plant6,Col-0,284.6146924117205,100
2025-10-29--10-30-09,plant7,Col-0,291.89259965034273,100
2025-10-29--10-30-09,plant8,Camta1-1/T3,349.3395474538677,100
2025-10-29--10-30-09,plant9,Camta1-1/T3,435.8010854486999,100
2025-10-29--10-30-09,plant10,Camta1-2/T3,262.4898544063089,100
2025-10-29--10-30-09,plant11,Camta1-2/T3,143.52033074563062,100
2025-10-29--10-30-09,plant12,Camta1-3/T3,384.07942467289115,100
2025-10-29--10-30-09,plant13,Camta1-1/T3,401.83751833512946,100
2025-10-29--10-30-09,plant14,Camta1-2/T3,329.3495622384519,100
2025-10-29--10-30-09,plant15,Camta1-2/T3,194.3686426528047,100
2025-10-29--10-30-09,plant16,Camta1-3/T3,346.7195008479637,100
2025-10-29--10-30-09,plant17,Camta1-3/T3,349.0484311643228,100
2025-10-29--10-30-09,plant18,Camta5-1/T3,248.12811745542766,100
2025-10-29--10-30-09,plant19,Camta5-1/T3,319.74272468347056,100
2025-10-29--10-30-09,plant20,Camta5-2/T3,200.09392968052086,100
2025-10-29--10-30-09,plant21,Camta1-3/T3,430.65803100007355,100
2025-10-29--10-30-09,plant22,Camta5-1/T3,303.63428999532,100
2025-10-29--10-30-09,plant23,Camta5-1/T3,298.394196783512,100
2025-10-29--10-30-09,plant24,Camta5-2/T3,325.4680117111867,100
2025-10-29--10-30-09,plant25,Camta5-2/T3,343.32314413660663,100
2025-10-29--10-30-09,plant26,Camta5-3/T3,153.2242070637936,100
2025-10-29--10-30-09,plant27,Camta5-3/T3,153.03012953743035,100
2025-10-29--10-30-09,plant28,Camta5-4/T3,149.14857901016518,100
2025-10-29--10-30-09,plant29,Camta5-2/T3,424.1564338669043,100
2025-10-29--10-30-09,plant30,Camta5-3/T3,265.4010173017578,100
2025-10-29--10-30-09,plant31,Camta5-3/T3,232.21376029364038,100
2025-10-29--10-30-09,plant32,Camta5-4/T3,161.47250193423216,100
2025-10-29--10-30-09,plant33,Camta5-4/T3,108.58637600024386,100
2025-10-29--10-30-09,plant34,Camta5-5/T3,310.1358871284892,100
2025-10-29--10-30-09,plant35,Camta5-5/T3,314.50263147166254,100
2025-10-29--10-30-09,plant36,Camta5-1/T3,307.51584052258517,100
2025-10-29--10-30-09,plant37,Camta5-4/T3,188.8374331514518,100
2025-10-29--10-30-09,plant38,Camta5-5/T3,168.07113783058298,100
2025-10-29--10-30-09,plant39,Camta5-5/T3,159.53172667059957,100
2025-10-29--10-30-09,plant40,Camta5-1/T3,236.48346587363207,100
2025-10-29--10-30-09,plant41,Camta5-2/T3,201.74358865460857,100
2025-10-29--10-30-09,plant42,Camta5-1/T3,265.4010173017578,100
2025-10-29--15-30-05,plant1,Col-0,240.65613269044218,10
2025-10-29--15-30-05,plant2,Col-0,261.03427295858444,10
2025-10-29--15-30-05,plant3,Col-0,399.7026655451336,10
2025-10-29--15-30-05,plant4,Camta1-1/T3,416.49037157555557,10
2025-10-29--15-30-05,plant5,Col-0,238.4242411372647,10
2025-10-29--15-30-05,plant6,Col-0,301.4994372053241,10
2025-10-29--15-30-05,plant7,Col-0,298.29715802033036,10
2025-10-29--15-30-05,plant8,Camta1-1/T3,278.50125033127784,10
2025-10-29--15-30-05,plant9,Camta1-1/T3,450.5509774523077,10
2025-10-29--15-30-05,plant10,Camta1-2/T3,270.2529554608393,10
2025-10-29--15-30-05,plant11,Camta1-2/T3,136.53353979655327,10
2025-10-29--15-30-05,plant12,Camta1-3/T3,395.8211150178684,10
2025-10-29--15-30-05,plant13,Camta1-1/T3,417.46075920737184,10
2025-10-29--15-30-05,plant14,Camta1-2/T3,347.7869272429616,10
2025-10-29--15-30-05,plant15,Camta1-2/T3,213.1941627100409,10
2025-10-29--15-30-05,plant16,Camta1-3/T3,346.33134579523716,10
2025-10-29--15-30-05,plant17,Camta1-3/T3,361.95458666747953,10
2025-10-29--15-30-05,plant18,Camta5-1/T3,246.2843809549767,10
2025-10-29--15-30-05,plant19,Camta5-1/T3,318.0930657093828,10
2025-10-29--15-30-05,plant20,Camta5-2/T3,204.7517903132391,10
2025-10-29--15-30-05,plant21,Camta1-3/T3,444.72865166140986,10
2025-10-29--15-30-05,plant22,Camta5-1/T3,291.0192507817081,10
2025-10-29--15-30-05,plant23,Camta5-1/T3,290.92221201852647,10
2025-10-29--15-30-05,plant24,Camta5-2/T3,332.8429577129906,10
2025-10-29--15-30-05,plant25,Camta5-2/T3,349.6306637434125,10
2025-10-29--15-30-05,plant26,Camta5-3/T3,152.8360520110671,10
2025-10-29--15-30-05,plant27,Camta5-3/T3,156.32944748560578,10
2025-10-29--15-30-05,plant28,Camta5-4/T3,147.79003632562234,10
2025-10-29--15-30-05,plant29,Camta5-2/T3,442.49676010823237,10
2025-10-29--15-30-05,plant30,Camta5-3/T3,271.02926556629234,10
2025-10-29--15-30-05,plant31,Camta5-3/T3,243.47025682270944,10
2025-10-29--15-30-05,plant32,Camta5-4/T3,158.36726151242001,10
2025-10-29--15-30-05,plant33,Camta5-4/T3,107.13079455251942,10
2025-10-29--15-30-05,plant34,Camta5-5/T3,315.958212919387,10
2025-10-29--15-30-05,plant35,Camta5-5/T3,317.3167556039298,10
2025-10-29--15-30-05,plant36,Camta5-1/T3,304.7017163903179,10
2025-10-29--15-30-05,plant37,Camta5-4/T3,197.18276678507198,10
2025-10-29--15-30-05,plant38,Camta5-5/T3,163.41327719786477,10
2025-10-29--15-30-05,plant39,Camta5-5/T3,164.8688586455892,10
2025-10-29--15-30-05,plant40,Camta5-1/T3,237.93904732135653,10
2025-10-29--15-30-05,plant41,Camta5-2/T3,205.042906602784,10
2025-10-29--15-30-05,plant42,Camta5-1/T3,253.95044324632548,10
2025-10-29--17-50-06,plant1,Col-0,235.02788442590764,10
2025-10-29--17-50-06,plant2,Col-0,268.89441277629646,10
2025-10-29--17-50-06,plant3,Col-0,394.07441728059905,10
2025-10-29--17-50-06,plant4,Camta1-1/T3,416.49037157555557,10
2025-10-29--17-50-06,plant5,Col-0,241.4324427958952,10
2025-10-29--17-50-06,plant6,Col-0,299.75273946805476,10
2025-10-29--17-50-06,plant7,Col-0,303.24613494259347,10
2025-10-29--17-50-06,plant8,Camta1-1/T3,312.56185620802995,10
2025-10-29--17-50-06,plant9,Camta1-1/T3,447.833892083222,10
2025-10-29--17-50-06,plant10,Camta1-2/T3,263.36320327494354,10
2025-10-29--17-50-06,plant11,Camta1-2/T3,137.79504371791447,10
2025-10-29--17-50-06,plant12,Camta1-3/T3,397.761890281501,10
2025-10-29--17-50-06,plant13,Camta1-1/T3,425.02978273553896,10
2025-10-29--17-50-06,plant14,Camta1-2/T3,353.02702045476957,10
2025-10-29--17-50-06,plant15,Camta1-2/T3,212.12673631504296,10
2025-10-29--17-50-06,plant16,Camta1-3/T3,351.57143900704517,10
2025-10-29--17-50-06,plant17,Camta1-3/T3,360.7901215093,10
2025-10-29--17-50-06,plant18,Camta5-1/T3,250.8452028245133,10
2025-10-29--17-50-06,plant19,Camta5-1/T3,316.54044549847674,10
2025-10-29--17-50-06,plant20,Camta5-2/T3,206.88664310323495,10
2025-10-29--17-50-06,plant21,Camta1-3/T3,439.1004033968753,10
2025-10-29--17-50-06,plant22,Camta5-1/T3,292.57187099261415,10
2025-10-29--17-50-06,plant23,Camta5-1/T3,294.4156074930651,10
2025-10-29--17-50-06,plant24,Camta5-2/T3,335.1718880293497,10
2025-10-29--17-50-06,plant25,Camta5-2/T3,354.0944468497675,10
2025-10-29--17-50-06,plant26,Camta5-3/T3,156.13536995924252,10
2025-10-29--17-50-06,plant27,Camta5-3/T3,154.87386603788133,10
2025-10-29--17-50-06,plant28,Camta5-4/T3,151.47750932652428,10
2025-10-29--17-50-06,plant29,Camta5-2/T3,444.82569042459147,10
2025-10-29--17-50-06,plant30,Camta5-3/T3,264.9158234858496,10
2025-10-29--17-50-06,plant31,Camta5-3/T3,240.65613269044218,10
2025-10-29--17-50-06,plant32,Camta5-4/T3,158.36726151242001,10
2025-10-29--17-50-06,plant33,Camta5-4/T3,112.5649652906907,10
2025-10-29--17-50-06,plant34,Camta5-5/T3,321.10126736801334,10
2025-10-29--17-50-06,plant35,Camta5-5/T3,331.38737626526614,10
2025-10-29--17-50-06,plant36,Camta5-1/T3,303.3431737057751,10
2025-10-29--17-50-06,plant37,Camta5-4/T3,197.76499936416175,10
2025-10-29--17-50-06,plant38,Camta5-5/T3,167.19778896194833,10
2025-10-29--17-50-06,plant39,Camta5-5/T3,164.1895873033178,10
2025-10-29--17-50-06,plant40,Camta5-1/T3,237.55089226863,10
2025-10-29--17-50-06,plant41,Camta5-2/T3,209.8948447618655,10
2025-10-29--17-50-06,plant42,Camta5-1/T3,260.8401954322212,10
